CNPJ,cliente,UF,cidade,bairro
07394215000183,GILVERLAN BARBOSA SOUTO EPP,BA,NOVA VICOSA,VICOSA
23673682000107,ALINE FAVERO DO NASCIMENTO,BA,PRADO,SAO BRAS
09190998000109,SUPERMERCADO PAGANINI LTDA,ES,ANCHIETA,OLIVEIRA
35994433000275,MERCADO HORTICAXIXE LTDA EPP,ES,ARACRUZ,BARRA DO RIACHO
08357136000165,SUPERMERCADO VALLIN LTDA,ES,ARACRUZ,BARRA DO SAHY
39792205000192,SUPERMERCADO KINKAS LTDA,ES,ARACRUZ,CENTRO
31759699000363,COMERCIAL DEVENS LTDA.,ES,ARACRUZ,CENTRO
31759699000444,COMERCIAL DEVENS LTDA,ES,ARACRUZ,COQUEIRAL
09379562000162,COMERCIAL KINAO LTDA - EPP.,ES,ARACRUZ,GUARANA
09622180000118,KINKAS COMERCIO VAREJISTA LTDA.,ES,ARACRUZ,VILA NOVA
14476627000128,VP SUPERMERCADO LTDA EPP,ES,BOM JESUS DO NORTE,CENTRO
19190781000152,AUTO SERVICO BORGES CAPIXABA LTDA,ES,BOM JESUS DO NORTE,SAO SEBASTIAO
10293889000104,SUPERMERCADO MOLINAROLI LTDA - ME,ES,CACHOEIRO DE ITAPEMIRIM,BASILEIA
02328363000186,SCARPE CEREAIS LTDA,ES,CACHOEIRO DE ITAPEMIRIM,MONTE CRISTO
39379011000160,SUPERMERCADO RAQUEL LTDA - ME,ES,CACHOEIRO DE ITAPEMIRIM,RUI PINTO BANDEIRA
04048163000103,CAMPOS CEREAIS LTDA,ES,CACHOEIRO DE ITAPEMIRIM,SANTA HELENA
39790191000259,AUTO SERVICO COSTA PEREIRA LTDA,ES,CARIACICA,CAMPO GRANDE
26941332000164,SUPERMERCADOS CAMPO GRANDE EIRELI,ES,CARIACICA,CAMPO GRANDE
01848448000122,C R COSTA - ME,ES,CARIACICA,ITANGUA
27547678000145,IPAMAR COMERCIAL LTDA,ES,CARIACICA,NOVA BRASILIA
36332252000165,AUTO SERVICO INTERNACIONAL LTDA.,ES,CARIACICA,PORTO DE SANTANA
03807466000191,AUTO SERVICO NACIONAL LTDA.,ES,CARIACICA,SANTANA
12892415000287,FRISA COMERCIAL S/A.,ES,COLATINA,CENTRO
30575476000111,SUPERMERCADO PRECO CERTO.,ES,COLATINA,CENTRO
27285030000148,MARIA JOSE MAIN LUCAS.,ES,COLATINA,CENTRO
27285030000229,MARIA JOSE MAIN LUCAS,ES,COLATINA,CENTRO
02549492000102,FERRARI COMERCIO DE ALIMENTOS LTDA - ME.,ES,COLATINA,COLUMBIA
05898316000166,COMERCIAL NIVEM LTDA ME.,ES,COLATINA,HONORARIO
09912142000108,LUCIO LAURINDO AGRIZZI - EPP,ES,COLATINA,MARIA DAS GRACAS
03489753000109,SALVADOR ANTONIO GUAITOLINI.,ES,COLATINA,MARIA DAS GRACAS
39621479000208,DOIS AMIGOS ATACADO E VAREJO LTDA.,ES,COLATINA,SAO SILVANO
28534402000357,COMECIAL CEREAIS PRETTI LTDA.,ES,COLATINA,SAO SILVANO
35995646000130,SUPERMERCADO DOIS IRMAOS LTDA,ES,COLATINA,VILA NOVA
31466253000189,AUTO SERVICO IDEAL LTDA.,ES,FUNDAO,CENTRO
07233035000110,MARIA JOSIMARA BROETTO NUNES - EPP.,ES,FUNDAO,CENTRO
31759699000606,COMERCIAL DEVENS LTDA.,ES,IBIRACU,CENTRO
14962390000195,HIPERMARKET LTDA - ME.,ES,IBIRACU,CENTRO
02275470000193,SUPERMERCADO ICONHA EIRELI,ES,ICONHA,CENTRO
27571983000172,SUPERMERCADOS GOBBO LTDA,ES,ITAGUACU,CENTRO
12078803000148,SUPERMERCADO UNIAO LTDA.,ES,ITAGUACU,CENTRO
07138469000130,OLIVEIRA E SILVA SUPERMERCADO LTDA - ME,ES,ITAPEMIRIM,CAMPO ACIMA
01704374000150,D. S. COUTINHO EIRELI - ME,ES,ITAPEMIRIM,CENTRO
09435241000138,L.C. LEAL MERCEARIA - ME,ES,ITAPEMIRIM,CENTRO.
02910082000137,SUPERMERCADO SANGRID LTDA - ME,ES,ITAPEMIRIM,ITAIPAVA
13508821000185,MARINI & MELLO LTDA - ME,ES,ITAPEMIRIM,ITAIPAVA
27267673000169,SUPERMERCADO JOAO NEIVA LTDA - EPP,ES,JOAO NEIVA,CENTRO
39638580000182,ADRIANO JOVITA BARROS EPP,ES,LINHARES,BEBEDOURO
31465263000108,SUPERMERCADO PAIZANTE LTDA,ES,MANTENOPOLIS,CENTRO
11299726000193,SUPERMERCADO SANTA FE LTDA-ME.,ES,MANTENOPOLIS,CENTRO
08455561000197,P E S RANGEL HORTIFRUTI - ME,ES,MARATAIZES,BARRA DE ITAPEMIRIM
17024368000192,VILMA DE FATIMA REZENDE SOBREIRA - ME,ES,MARATAIZES,BARRA DO ITAPEMIRIM
11472138000100,SUPERMERCADO DOM BOSCO LTDA ME,ES,MARILANDIA,CENTRO
01872160000193,SUPERMERCADO CASALI LTDA EPP.,ES,MARILANDIA,CENTRO
39818919000122,BETTIN E BOA LTDA EPP.,ES,NOVA VENECIA,CENTRO
10607920000126,SUPERMERCADO ECONOMIA LTDA.,ES,NOVA VENECIA,FILOMENA
00381613000116,JOAQUIM GRECHI ME.,ES,NOVA VENECIA,RUBIA
39267802000106,JOAO PAGUNG ACOUGUE .,ES,PANCAS,CENTRO
24283816000138,MERCEARIA M. D. DA SILVA LTDA - ME,ES,PIUMA,CENTRO
05813544000196,FIALHO E CYPRIANO SUPERMERCADO LTDA - ME,ES,PIUMA,ITAPUTANGA
24639414000123,LUCAS CIPRESTE DE VARGAS - ME,ES,PIUMA,JARDIM MAILY
39345244000141,G P SUPERMERCADO LTDA - ME,ES,PIUMA,NITEROI
31469067000101,ELIO GARCIA MARVILLA FILHO - ME,ES,PIUMA,UNIAO
01442299000105,COMERCIAL DEJE LTDA - EPP.,ES,SANTA TERESA,CENTRO
21390936000146,SUPERMERCADO FLAMEL LTDA - EPP.,ES,SANTA TERESA,DOIS PINHEIROS
39281142000100,SUPERMERCADO POPULAR LTDA - EPP,ES,SANTA TERESA,VILA NOVA
05971368000110,ROBERTO CARLOS PESSIN - ME.,ES,SAO GABRIEL DA PALHA,CENTRO
18750973000103,SUPERMERCADO PESSIN LTDA - ME.,ES,SAO GABRIEL DA PALHA,CENTRO
36398790000152,SUPERMERCADO DE NADAI LTDA.,ES,SAO GABRIEL DA PALHA,CENTRO
36305837000358,SUPERMERCADO CELEIRO LTDA.,ES,SAO MATEUS,GURIRI
04628804000190,COMERCIAL L.C.T. LTDA - EPP.,ES,SAO MATEUS,GURIRI
26364805000108,H PRATA DA SILVA - ME,ES,SAO MATEUS,GURIRI NORTE
36305837000196,SUPERMERCADO CELEIRO LTDA,ES,SAO MATEUS,SANTO ANTONIO
35956606000180,MARINA MELLO NUNES - ME,ES,SERRA,CONJ HELIO FERRAZ
17236817000166,KALU SHOW GRILL COMERCIO DE CARNES E VARIEDADES EIRELI - ME,ES,SERRA,JARDIM ATLANTICO
04620892000184,COMPANHIA DO BOI COMERCIO DE CARNES EIRELI,ES,SERRA,JARDIM LIMOEIRO
07715453000224,ELIONALDO DO GOULART DAS NEVES EPP,ES,SERRA,NOVA ALMEIDA CENTRO
11068482000138,E C V AUGUSTO MERCEARIA - ME,ES,SERRA,SERRAMAR
24616223000146,SUPERMERCADO VENETTO EIRELI,ES,VIANA,MARCILIO DE NORONHA
05466796000196,SUPERMERCADO MARETTO EIRELLI - EPP.,ES,VIANA,MARCILIO DE NORONHA
26098410000100,AUTO SERVICO CASA SHOW LTDA - ME,ES,VIANA,UNIVERSAL
04630798000106,SUPERMERCADO GARBOS LTDA - ME,ES,VILA VELHA,ARACAS
24652921000105,AUTO SERVICO FERNANDES SIQUEIRA EIRELI ME,ES,VILA VELHA,CRISTOVAO COLOMBO
23529918000128,COMERCIAL DE ALIMENTOS CANAL EIRELI - ME,ES,VILA VELHA,IBES
08929445000162,ECOREAL SUPERMERCADOS LTDA - ME,ES,VILA VELHA,TERRA VERMELHA
26616381000121,HORTIFRUTIGRANJEIROS FASSARELLA & ROGGE LTDA - ME.,ES,VILA VELHA,VALE ENCANTADO
11857211000161,HORTI FRUTIX JARDIM CAMBURI EIRELI - ME,ES,VITORIA,JARDIM CAMBURI
12703414000166,DRIELLI GONCALVES PEREIRA - ME,ES,VITORIA,ROMAO
39361142000110,COMERCIAL GIMAR LTDA,ES,VITORIA,VILA RUBIM
02101672000119,COMERCIAL LESTE MINAS LTDA,MG,AIMORES,CENTRO
28390961000179,COMERCIAL DE CEREAIS GUANDUENSE LTDA,MG,AIMORES,CENTRO
04371905000129,COMERCIAL JOAO LUIZ FRIZZERA LTDA,MG,AIMORES,CENTRO
17359233000188,TECIDOS E ARMARINHOS MIGUEL BARTOLOMEU S/A,MG,CONTAGEM,TAPERA
08505159000170,MERCEARIA SILVEIRA EUGENOPOLIS LTDA,MG,EUGENOPOLIS,CENTRO
10598245000116,MEGA BARRA SUPERMERCADOS LTDA - ME,MG,MURIAE,BARRA
66212721000173,ESCOBAR GOMES DE SOUZA FILHO,MG,MURIAE,BARRA
07070684000228,LEPAGUS COMERCIO DE CEREAIS LTDA.,MG,MURIAE,CENTRO
13002242000166,COMERCIAL PEREIRAO LTDA.,MG,MURIAE,DORNELAS
07070684000147,LEPAGUS COMERCIO DE CEREAIS LTDA.,MG,MURIAE,PORTO
22745194000197,SUPERMERCADO SAO LOURENCO DE MURIAE LTDA,MG,MURIAE,SAFIRA
20818209000417,SUPERMERCADO VANIA LTDA - EPP,MG,RESPLENDOR,CENTRO
07464058000135,SUPERMERCADO SILVA LTDA.,MG,RESPLENDOR,N. SRA. DE FATIMA
17190802000104,COMERCIAL MEDEIROS LTDA - ME,MG,RESPLENDOR,NOSSA SENHORA DE FATIMA
20818209000174,SUPERMERCADO VANIA LTDA - EPP,MG,RESPLENDOR,SAO VICENTE
02165530000115,R P COMERCIO VAREJISTA LTDA - ME,PA,PARAUAPEBAS,CIDADE NOVA
10258873000233,SOLUCAO INGREDIENTES INDUSTRIAIS LTDA ME,PR,CURITIBA,CAMPO COMPRIDO
73237570000173,J D MINI MERCADO CAMORIM LTDA,RJ,ANGRA DOS REIS,CAMORIM GRANDE
00814123000166,FERSANPLASTI COMERCIO DE EMBALAGENS LTDA,RJ,ANGRA DOS REIS,CENTRO
32058729000105,MINI MERCADO ESPERANCA DO VILLAGE LTDA ME,RJ,ANGRA DOS REIS,JACUECANGA
72155534000106,P M LUCAS MERCEARIA LTDA ME,RJ,ANGRA DOS REIS,JACUECANGA
12427914000112,MAVA DISTRIBUIDORA DE FRIOS LTDA,RJ,ANGRA DOS REIS,PARQUE DAS PALMEIRAS
09309021000168,NF-E EMITIDA EM AMBIENTE DE HOMOLOGACAO - SEM VALOR FISCAL,RJ,ANGRA DOS REIS,VILA NOVA DE CAMPOS
10575417000136,SUPERMERCADO LUCAS FORTE LTDA ME,RJ,ANGRA DOS REIS,VILLAGE
02898691000118,SUPERMERCADO OLIVEIRA LTDA ME,RJ,APERIBE,CENTRO
12899412000194,ORIENTE COMERCIO DE GENEROS ALIMENTICIOS EIRELI,RJ,ARARUAMA,AREAL
27995546000186,AC CUSTODIO FILHO COMERCIO - ME,RJ,ARARUAMA,BURACO DO PAU
08450282000726,DISTRIBUIDORA DE PRODUTOS ASA BRANCA LTDA,RJ,ARARUAMA,CENTRO
39245592000147,ARARA DE ARARUAMA COMERCIO DE GENEROS ALIMENTICIOS LTDA,RJ,ARARUAMA,CENTRO
10438370001050,COMPRE MAIS AUTO SERVICO LTDA,RJ,ARARUAMA,CENTRO
03542276000190,CELMAPEL COMERCIO DE EMBALAGENS LTDA ME,RJ,ARARUAMA,CENTRO
29840154000173,LATICINIO BOA ESPERANCA DE ARARUAMA,RJ,ARARUAMA,CENTRO
27833615002875,PRINCESA AUTO SERVICO DE COMESTIVEIS LTDA..,RJ,ARARUAMA,CENTRO
20259672000123,ROBLEO COMERCIO DE PRODUTOS E GENEROS ALIMENTICIOS LTDA-EPP.,RJ,ARARUAMA,CENTRO
28514600000197,A M C FELIX COMERCIO DE GENEROS ALIMENTICIOS - ME,RJ,ARARUAMA,CENTRO
09642314000162,TOP GREEN FRUIT HORTIFRUITGRANJEIROS LTDA,RJ,ARARUAMA,CENTRO
21380625000104,SUPERMERCADO JAL EIRELI ME,RJ,ARARUAMA,ENGENHO VELHO
11761060000143,FIDELIS DISTRIBUIDORA DE PRODUTOS ALIMENTICIOS LTDA,RJ,ARARUAMA,IGUABINHA
25053220000104,E H DA CUNHA MINIMERCADOS EIRELI ME,RJ,ARARUAMA,JAPAO
05054332000172,NOVA ESPERANCA DE ARARUAMA LTDA EPP,RJ,ARARUAMA,MATARUNA
09432668000182,TALINSK DE MELLO COM DE CEREAIS LTDA ME.,RJ,ARARUAMA,OUTEIRO
11631749000234,ARTHUR D'MELLO SUPERMERCADO LTDA,RJ,ARARUAMA,OUTEIRO
18183953000106,MERCADAO DOS QUIOSQUES LTDA-ME,RJ,ARARUAMA,PARATY
19068286000175,Z J N SUPERMERCADO LTDA,RJ,ARARUAMA,PARATY
23615208000110,ASA BLUE MINI MERCADO E MERCEARIA EIRELI,RJ,ARARUAMA,PARATY
26298958000102,M P LAGOS ATACADO E DISTRIBUIDOR DE ALIMENTOS LTDA,RJ,ARARUAMA,PENHA
07615641000108,FREIRES DE MELLO COMERCIO DE PRODUTOS ALIMEN LTDA,RJ,ARARUAMA,RIO DO LIMAO
11631749000315,ARTHUR DMELLO SUPERMERCADO LTDA,RJ,ARARUAMA,RIO DO LIMAO
05256321000175,JONAI COMERCIAL LTDA.,RJ,ARARUAMA,SAO VICENTE DE PAULA
10600073000178,IMPACTO MASSAS E GENEROS ALIMENTICIOS LTDA,RJ,ARARUAMA,VILA CANAA
06953093000236,M J M COMERCIO DE GENEROS ALIMENTICIOS LTDA,RJ,ARARUAMA,VILA CAPRI
24793400000160,VAREJO TOTAL COMERCIO DE GENEROS ALIMENTICIOS LTDA,RJ,ARARUAMA,VILA CAPRI
27050947000678,SUPERMERCADO ECONOMICO DE CABO FRIO LTDA,RJ,ARARUAMA,VILA CAPRI
19137307000167,MINI MERCADO DIANO EIRELI,RJ,ARMACAO DOS BUZIOS,ALTO DA RAZA
12365033000114,C.K.MAYER IMPORTACAO,RJ,ARMACAO DOS BUZIOS,CENTRO
27103140000141,ANDRADE E MEIRA PANIFICADORA LTDA - ME,RJ,ARMACAO DOS BUZIOS,CENTRO
20432939000132,TOPAZIO ALIMENTOS LTDA ME.,RJ,ARMACAO DOS BUZIOS,CENTRO
27050947000597,SUPERMERCADO ECONOMICO DE CABO FRIO LTDA,RJ,ARMACAO DOS BUZIOS,CENTRO
07970113000169,SO OFERTAS BUZIOS SUPERMERCADOS LTDA,RJ,ARMACAO DOS BUZIOS,MANGUINHOS
23956228000155,KOLENDA KUNXHIU E CHACON RESTAURANTE LTDA,RJ,ARMACAO DOS BUZIOS,MANGUINHOS
27833615003251,PRINCESA AUTO SERVICO DE COMESTIVEIS LTDA,RJ,ARMACAO DOS BUZIOS,MANGUINHOS
27833615001984,PRINCESA AUTO SERV DE COMESTIVEIS LTDA.,RJ,ARMACAO DOS BUZIOS,MANGUINHOS
27833615001208,PRINCESA AUTO SERV DE COMESTIVEIS LTDA,RJ,ARMACAO DOS BUZIOS,MANGUINHOS
14568548000732,CLASSICO COMERCIO DE ALIMENTOS LTDA,RJ,ARMACAO DOS BUZIOS,RASA
19426440000133,R SILVA MINIMERCADO EIRELLI,RJ,ARMACAO DOS BUZIOS,RASA
12865202000185,C N G COMERCIO VAREJISTA DE PROD ALIM LTDA,RJ,ARMACAO DOS BUZIOS,SEM BRACAS
01448324000150,M J COMERCIO DE GENEROS ALIMENTICIOS LTDA,RJ,ARRAIAL DO CABO,CENTRO
28295152000188,ACOUGUE CABISTA LTDA,RJ,ARRAIAL DO CABO,CENTRO
27833615001399,PRINCESA AUTO SERV DE COMESTIVEIS LTDA,RJ,ARRAIAL DO CABO,CENTRO
27833615002107,PRINCESA AUTO SERV DE COMESTIVEIS LTDA,RJ,ARRAIAL DO CABO,CENTRO
26164948000176,BARCELLOS E SANTOS COMERCIO DE PRODUTOS ALIMENTICIO EIRELI,RJ,ARRAIAL DO CABO,FIGUEIRA
04580896000186,KIST E SILVA COMERCIO LTDA,RJ,ARRAIAL DO CABO,FIGUEIRA
27833615003170,PRINCESA AUTO SERVICO DE COMESTIVEIS LTDA,RJ,ARRAIAL DO CABO,PRAIA DOS ANJOS
28076453000110,MERCADO PLANALTO DO BOM PASTOR LTDA ME - ME,RJ,BELFORD ROXO,BOM PASTOR
01466610000148,MERCEARIA TATI DE BELFOD LTDA -ME,RJ,BELFORD ROXO,PARQUE ESPERANCA
10356337000190,MERCEARIA MAGICA DE SANTA MARIA LTDA - ME,RJ,BELFORD ROXO,SANTA MARIA
03176931000133,NAHIDE MERCEARIA LTDA,RJ,BELFORD ROXO,VIA PAULINA
22753943000128,MV MERCEARIA E CONFEITARIA LTDA - ME.,RJ,BELFORD ROXO,VILA LUZ
02075715000139,CASA NATHALIA DAS CARNES LTDA - ME,RJ,BELFORD ROXO,VILAR NOVO
05229674000186,MERCADO SUPREMO DE SAO MIGUEL LTDA,RJ,BOM JARDIM,SAO MIGUEL
29113842000131,ORGANIZACOES BORGES LTDA,RJ,BOM JESUS DO ITABAPOANA,CENTRO
29113842000646,ORGANIZACOES BORGES LTDA.,RJ,BOM JESUS DO ITABAPOANA,LIA MARCIA
32336794001208,SUPERMERCADO FLUMINENSE DE ITAPERUNA LTDA,RJ,BOM JESUS DO ITABAPOANA,PIMENTEL MARQUES
10254507000125,ADRIANA F GONCALVES PADARIA ME,RJ,CABO FRIO,AQUARIOS
18459162000158,LUAR SUPERMERCADO COMERCIO DE ALIMENTOS LTDA ME,RJ,CABO FRIO,AQUARIUS
13051981000148,SUPERMERCADO BARCELOS LTDA,RJ,CABO FRIO,AQUARIUS
18374709000201,SOLAR SUPERMERCADO COMERCIO DE ALIMENTOS LTDA - ME,RJ,CABO FRIO,AQUARIUS (TAMOIOS)
28314669000177,MERCADO CARIOQUEIRO EIRELI,RJ,CABO FRIO,AQUARIUS (TAMOIOS)
10335385000100,R S ADOLPHO MERCADO E ACOUGUE,RJ,CABO FRIO,CELULA MATER
02084223000100,SO OFERTAS COMERCIO DE GENEROS ALIMENTICIOS LTDA,RJ,CABO FRIO,CENTRO
27833615001801,PRINCESA AUTO SERVICO DE COMESTIVEIS LTDA,RJ,CABO FRIO,CENTRO
27833615002603,PRINCESA AUTO SERVICO DE COMESTIVEIS LTDA,RJ,CABO FRIO,CENTRO
12434859000198,DISTRIBUIDORA DE ALIMENTOS QUEIROZ LTDA,RJ,CABO FRIO,CENTRO
27050947000163,SUPERMERCADO ECONOMICO DE CABO FRIO LTDA,RJ,CABO FRIO,CENTRO
02616090000175,MAX ONE SUPERMERCADO LTDA,RJ,CABO FRIO,JACARE
27849764000102,HORTIFRUTI CABO FRIO LTDA - EPP,RJ,CABO FRIO,JACARE
04129887000173,N G A MERCADO LTDA - EPP.,RJ,CABO FRIO,JARDIM ESPERANCA
17461628000197,GA ABREU MERCEARIA.,RJ,CABO FRIO,JARDIM ESPERANCA
05486954000170,LE MARCHE ALIMENTOS LTDA,RJ,CABO FRIO,JARDIM ESPERANCA
08689466000239,CASA BARROS ALIMENTOS EIRELI,RJ,CABO FRIO,JARDIM ESPERANCA
08689466000158,M F M BARROS GENEROS ALIMENTICIOS,RJ,CABO FRIO,JARDIM ESPERANCA
08656302000124,BIG FILD ALIMENTOS LTDA,RJ,CABO FRIO,JARDIM ESPERANCA
19897866000175,FRUTAS COMERCIO ATACADISTA E VAREJO EIRELI - ME,RJ,CABO FRIO,JARDIM FLAMBOYANT
27833615002522,PRINCESA AUTO SERVICO DE COMESTIVEIS LTDA,RJ,CABO FRIO,JARDIM OLINDA
13537908000261,MERCADO E PADARIA L M LOUZADA LTDA,RJ,CABO FRIO,JARDIM PERO
13911878000120,ELENILDA REGINA MARINS GUIMARAES MERCEARIA ME.,RJ,CABO FRIO,MARIA JOAQUINA
18538019000151,CARDOSO E COSTA DISTRIBUIDORA LTDA,RJ,CABO FRIO,PARQUE BURLE
14304366000169,MERCADO E PADARIA J J PONTES LTDA EPP,RJ,CABO FRIO,PARQUE BURLE
07539322000152,GREEN FRUIT NOVO MILENIO HORTIFRUTIGRANJEIROS LTDA,RJ,CABO FRIO,PARQUE RIVIERA
19394731000197,JOSIVAN S DA SILVA PRODUTO ALIMENTICIOS ME.,RJ,CABO FRIO,PERO
18459162000239,LUAR SUPERMERCADO COMERCIO DE ALIMENTOS LTDA-ME,RJ,CABO FRIO,SAMBURA TAMOIOS
28843225000129,SUPERMERCADO IRMAOS LTDA,RJ,CABO FRIO,SAO CRISTOVAO
11714688000198,V V MENEZES MERCADO LTDA,RJ,CABO FRIO,SAO CRISTOVAO
04157214000127,EL SHADAY MERCADO  ACOUGUE E RESTAURANTE LTDA - ME.,RJ,CABO FRIO,SAO CRISTOVAO
12769662000100,DISTRIBUIDORA E COMERCIO DE FRIOS CABO FRIO TROPICAL LTDA,RJ,CABO FRIO,SAO CRISTOVAO
13404646000186,E P FILHO COM E DISTRIBUICAO DE CARNES E PRODUTOS ALIM LTDA,RJ,CABO FRIO,SAO CRISTOVAO
26770002000153,MERCADO NV GUIMARAES LTDA - EPP,RJ,CABO FRIO,SAO CRISTOVAO
12434859000350,DISTRIBUIDORA DE ALIMENTOS QUEIROZ LTDA,RJ,CABO FRIO,SAO CRISTOVAO
15111611000184,III CONCORDIA COMER E DISTRIBUICAO DE GENEROS ALIMENTICIOS L,RJ,CABO FRIO,TANGARA
19657976000160,RENDE PACAS COMERCIO DE ALIMENTOS LTDA ME,RJ,CABO FRIO,UNAMAR
08626481000157,SUPERABRA REDE DISTRIBUIDORA DE ALIMENTOS LTDA - ME,RJ,CABO FRIO,UNAMAR
11032546000140,M & F SUPERMERCADO E TRANSPORTE LTDA - ME,RJ,CABO FRIO,UNAMAR
09097655000102,DUSCH COMERCIO DE PRODUTOS ALIMENTICIOS LTDA - ME,RJ,CABO FRIO,UNAMAR
27807563000142,ANTONIO G AGOSTINHO DOS SANTOS MERCEARIA E ACOUGUE - ME,RJ,CABO FRIO,UNAMAR (TAMOIOS)
14803772000257,W P MERCADO E PADARIA LTDA - ME,RJ,CABO FRIO,UNAMAR (TAMOIOS)
28861978000167,CMS MERCADO DAS FRUTAS E LEGUMES LTDA - EPP,RJ,CABO FRIO,VILA NOVA
28882587000129,MERCEARIA VIDAL LTDA.,RJ,CACHOEIRAS DE MACACU,JAPUIBA
07676699000153,MERCEARIA ECONOMAIS LTDA.,RJ,CACHOEIRAS DE MACACU,PARQUE SANTA LUIZA
32120263000120,ARMAZEM DEFANTI E VELASCO LTDA ME,RJ,CAMBUCI,CENTRO
05901292000157,UNICAM DE CAMBUCI GENEROS ALIMENTICIOS LTDA ME,RJ,CAMBUCI,FLORESTA
08648358000137,CELSO C MANHAES,RJ,CAMPOS DOS GOYTACAZES,CENTRO
27024494000109,G DE S INDUSTRIA DE MASSAS LTDA - ME,RJ,CAMPOS DOS GOYTACAZES,CENTRO
10834199000298,HORTIFRUTI QUITANDINHA LTDA,RJ,CAMPOS DOS GOYTACAZES,CENTRO
15872124000134,K. R. M. SOBRINHO COMERCIO EIRELI,RJ,CAMPOS DOS GOYTACAZES,CUSTODOPOLIS
27456707000163,J. A. DE OLIVEIRA PRODUTOS ALIMENTICIOS - ME,RJ,CAMPOS DOS GOYTACAZES,DONANA
10393316000144,ABREU SUPERMERCADO LTDA,RJ,CAMPOS DOS GOYTACAZES,IPS
04795044000106,SORETO MERCEARIA LTDA,RJ,CAMPOS DOS GOYTACAZES,PARQUE ALVORADA
12465011000126,CGM ALIMENTOS LTDA EPP,RJ,CAMPOS DOS GOYTACAZES,PARQUE AURORA
26061062000105,L G H EMPREENDIMENTOS COMERCIAIS EIRELI ME,RJ,CAMPOS DOS GOYTACAZES,PARQUE CORRIENTES
08343578000152,LUMIAR DE CAMPOS COMERCIAL DE ALIMENTOS LTDA - ME,RJ,CAMPOS DOS GOYTACAZES,PARQUE ELDORADO
08343578000233,LUMIAR DE CAMPOS COMERCIAL DE ALIMENTOS LTDA,RJ,CAMPOS DOS GOYTACAZES,PARQUE LEBRET
10199766000109,VANUSA TAVARES DE OLIVEIRA-ME,RJ,CAMPOS DOS GOYTACAZES,PARQUE ROSARIO
13405890000163,THOMESKAMP HORTIFRUTI LTDA ME,RJ,CAMPOS DOS GOYTACAZES,PARUQE JOAO MARIA
07577743000178,RANGEL E HENRIQUES COMERCIO DE GENEROS ALIMENTICIOS LTDA,RJ,CAMPOS DOS GOYTACAZES,PQE CORRIENTES
00803210000118,MARCELAO INDUSTRIA E COMERCIO DE CEREAIS LTDA,RJ,CASIMIRO DE ABREU,CENTRO
08109307000137,SANFRA COMERCIO E DISTRIBUIDORA LTDA,RJ,CASIMIRO DE ABREU,CENTRO
27833615002018,PRINCESA AUTO SERVICO DE COMESTIVEIS LTDA,RJ,CASIMIRO DE ABREU,CENTRO
08145755000196,RODRIGUES E FELIX COMERCIO DE CEREAIS LTDA EPP.,RJ,CONCEICAO DE MACABU,CENTRO
01190829000167,SUPERMERCADO CALIL DE CONCEICAO DE MACABU LTDA.,RJ,CONCEICAO DE MACABU,PARAISO
01190829000248,SUPERMERCADO CALIL DE CONCEICAO DE MACABU LTDA,RJ,CONCEICAO DE MACABU,VILA SAO JOSE
12803217000119,MERCEARIA CENTRAL DO AMAPA LTDA - ME,RJ,DUQUE DE CAXIAS,AMAPA
24478068000149,ACOUGUE E MERCEARIA BIFAO 2016 EIRELI,RJ,DUQUE DE CAXIAS,CAMPOS ELISEOS
36460970000389,LUANE DO PARQUE COLUMBIA MERCADO LTDA,RJ,DUQUE DE CAXIAS,CHACARAS ARCAMPO
11345696000104,ACOUGUE & AVIARIO REBECA OLIVEIRA LTDA ME,RJ,DUQUE DE CAXIAS,ILA SANTA CRUZ
05494918000158,MATA ATLANTICA MERCADO LTDA - EPP.,RJ,DUQUE DE CAXIAS,IMBARIE
21786968000165,MERCADO POPULAR DO JARDIM ANHANGA EIRELI,RJ,DUQUE DE CAXIAS,JARDIM ANHANGA
20657396000151,MERCADO CASTANHA LTDA,RJ,DUQUE DE CAXIAS,JARDIM BALNEARIO ANA CLARA
33009911025395,SOUZA CRUZ LTDA,RJ,DUQUE DE CAXIAS,JARDIM GRAMACHO
27742988000200,SUPERMERCADOS TAKY EIRELI,RJ,DUQUE DE CAXIAS,JARDIM GRAMACHO
09612750000199,PADARIA E MERCEARIA G&J LTDA - M,RJ,DUQUE DE CAXIAS,JARDIM IMBARIE
08055326000128,FILE DE JARDIM PRIMAVERA MERCEARIA LTDA,RJ,DUQUE DE CAXIAS,JARDIM PRIMAVERA/CAMPOS ELISEOS
13459058000140,MERCEARIA ESTRELA DA PRIMAVERA LTDA EPP,RJ,DUQUE DE CAXIAS,JARDIM SANTANA DO PILAR
20712456000191,CITY CARNES 25 DE AGOSTO MERCEARIA E LANCHONETE LTDA EPP,RJ,DUQUE DE CAXIAS,JARDIM VINTE E CINCO DE AGOSTO
28094587000164,MINIMERCADO TEM TUDO SABARA LTDA,RJ,DUQUE DE CAXIAS,JARFIM PRIMAVERA
00334392000206,MERCADO REAL DE NOVA CAMPINAS LTDA - ME,RJ,DUQUE DE CAXIAS,NOVA CAMPINAS
01829249000177,CEREAIS MARREQUINHO DE NOVA CAMPINAS LTDA.,RJ,DUQUE DE CAXIAS,NOVA CAMPINAS
12148067000157,MERCADO PADRAO NOVA PARADA LTDA.,RJ,DUQUE DE CAXIAS,PARADA ANGELICA
08681707000112,MINI MERCADO TRADICAO DA PAULISTA LTDA ME.,RJ,DUQUE DE CAXIAS,PARQUE PAULISTA
08353768000150,MERCADO PARAISO DE XEREM LTDA,RJ,DUQUE DE CAXIAS,PARQUE XEREM
28834151000164,MERCADO TANGERINA LTDA,RJ,DUQUE DE CAXIAS,QUITATIVA
74048224000100,MERCADO NERIAH LTDA - ME,RJ,DUQUE DE CAXIAS,VILA MARIA HELENA
22597158000123,CITY CARNES SANTA CRUZ DA SERRA MERCEARIA E LANCHONETE LTDA.,RJ,DUQUE DE CAXIAS,VILA SANTA CRUZ
05131160000193,MINI-MERCADO VILA URASSAI EIRELI,RJ,DUQUE DE CAXIAS,VILA URUSSAI
14595187000128,MERCEARIA BELA VISTA DE XEREM LTDA ME,RJ,DUQUE DE CAXIAS,XEREM
05584565000187,MERCEARIA E BAZAR ROCHA DE XEREM LTDA - ME.,RJ,DUQUE DE CAXIAS,XEREM
07142743000145,LATICINIOS ALVES GOMES LTDA ME,RJ,GUAPIMIRIM,BARREIRA
08450282000483,DISTRIBUIDORA DE PRODUTOS ASA BRANCA LTDA.,RJ,GUAPIMIRIM,CENTRO
29768702000444,VERONE DISTRIBUIDORA LTDA - EPP,RJ,GUAPIMIRIM,PAIOL
29768702000525,VERONE DISTRIBUIDORA LTDA - EPP,RJ,GUAPIMIRIM,PARADA MODELO
11761060000224,FIDELIS DISTRIBUIDORA DE PRODUTOS ALIMENT LTDA.,RJ,IGUABA GRANDE,ARRASTAO
05234808000157,IGUABA COMERCIO DE GENEROS ALIMENTICIOS LTDA,RJ,IGUABA GRANDE,CENTRO
27833615003090,PRINCESA AUTO SERVICO DE COMESTIVEIS LTDA,RJ,IGUABA GRANDE,CENTRO
11631749000153,ARTHUR D MELLO SUPERMERCADO LTDA.,RJ,IGUABA GRANDE,CENTRO
23352716000153,NL FONTES DISTRIBUIDORA DE PRODUTOS ALIMENTICIOS LTDA,RJ,IGUABA GRANDE,CIDADE NOVA
11569109000160,SUPERMERCADO DESCONTAO LTDA,RJ,ITABORAI,AMPLIACAO
13326451000165,NOVO MERCADO CANTELMO 2012 LTDA,RJ,ITABORAI,AMPLIACAO
12502505000133,MILLENIUM SUPERMERCADOS LTDA ME,RJ,ITABORAI,AMPLIACAO
13326139000171,MERCEARIA NOVA ITABORAI LTDA,RJ,ITABORAI,AMPLIACAO
22723307000153,W R NETOS ACOUGUE E MERCEARIA LTDA,RJ,ITABORAI,APOLO II
18404652000157,MOURA E MORAIS COMERCIO DE ALIMENTOS LTDA,RJ,ITABORAI,CENTRO
26425468000383,MGF ATACAREJO LTDA,RJ,ITABORAI,CENTRO
10438370000240,COMPRE MAIS AUTO SERVICO LTDA,RJ,ITABORAI,CENTRO
23571715000108,C & R SUPERMERCADO ITABORAI LTDA EPP,RJ,ITABORAI,CENTRO
10438370001130,COMPRE MAIS AUTO SERVICO LTDA,RJ,ITABORAI,ITABORAI
10438370000401,COMPRE MAIS AUTO SERVICO LTDA,RJ,ITABORAI,JARDIM FLORESTA MANILHA
20402775000109,A V S DE ITABORAI MERCEARIA EIRELI - ME.,RJ,ITABORAI,JOAO CAETANO (ITAMBI)
13126932000208,MANAUS 1183 MERCEARIA LTDA EPP FILIAL,RJ,ITABORAI,MANILHA
22807060000153,C O L RIO MERCADO EIRELI.,RJ,ITABORAI,NOVA CIDADE
26434777000158,TUTY BONY COMERCIO DE PRODUTOS ALIMENTICIOS LTDA - EPP,RJ,ITABORAI,OUTEIRO DAS PEDRAS
01006952000185,MERCADINHO LEICAR LTDA,RJ,ITABORAI,RIO VARZEA
13967018000290,RANGEL COMERCIO ATACADISTA DE GENEROS ALIMENTICIOS LTDA,RJ,ITABORAI,RIO VARZEA
03017244000175,RIO MAR DE ITAGUAI COMERCIO DE PRODUTOS ALIMENTICIOS LTDA,RJ,ITAGUAI,BAIRRO DO ENGENHO
19964194000173,COMERCIO DE CARNES E DERIVADOS JCA LTDA.,RJ,ITAGUAI,CENTRO
30245542000195,FRIGORIFICO BEIJA FLOR COM ATAC E VAR DE PROD ALIM LTDA EPP,RJ,ITAGUAI,CENTRO
20467389000278,AR COMERCIO DE PRODUTOS ALIMENTICIOS LTDA.,RJ,ITAOCARA,CAXIAS
03394949000292,NOE G DE SOUZA..,RJ,ITAOCARA,CENTRO
08667022000111,SUPERMERCADO AVISTAO ITAOCARENSE LTDA EPP.,RJ,ITAOCARA,CENTRO
29618089000306,COOPERATIVA AGRO PECUARIA DE ITAOCARA LTDA,RJ,ITAOCARA,CENTRO
32336794001046,SUPERMERCADO FLUMINENSE DE ITAPERUNA LTDA-.,RJ,ITAOCARA,ESTRADA PORTELA
20467389000197,AR COMERCIO DE PRODUTOS ALIMENTICIOS LTDA,RJ,ITAOCARA,JAGUAREMBE
03394949000101,NOE G DE SOUZA,RJ,ITAOCARA,LARANJAIS
32336794000660,SUPERMERCADO FLUMINENSE DE ITAPERUNA LTDA..,RJ,ITAPERUNA,AEROPORTO
27828533000112,WOXITON LUIZ M. SIMOES EIRELI-ME,RJ,ITAPERUNA,AEROPORTO
32336794000589,SUPERMERCADO FLUMINENSE DE ITAPERUNA LTDA ,RJ,ITAPERUNA,CEHAB
32336794000740,SUPERMERCADO FLUMINENSE DE ITAPERUNA LTDA. ,RJ,ITAPERUNA,CENTRO
08202709000181,J P R COUTINHO MERCEARIA LTDA ME,RJ,ITAPERUNA,CENTRO
32336794000821,SUPERMERCADO FLUMINENSE DE ITAPERUNA LTDA.-,RJ,ITAPERUNA,CIDADE NOVA
15152313000132,QUALITY 617 DIST C DE CARNES BEBIDAS EIRELI - ME,RJ,ITAPERUNA,MARECHAL CASTELO BRANCO
32336794000155,SUPERMERCADO FLUMINENSE DE ITAPERUNA LTDA.,RJ,ITAPERUNA,NITEROI
05252826000161,TEIXEIRAO COMERCIAL LTDA.,RJ,ITAPERUNA,NITEROI
32336794000317,SUPERMERCADO FLUMINENSE DE ITAPERUNA LTDA,RJ,ITAPERUNA,PRES COSTA E SILVA
68726017000164,ITALMENARA COMERCIO DE CEREAIS LTDA,RJ,ITAPERUNA,PRES. COSTA E SILVA
32336794000406,SUPERMERCADO FLUMINENSE DE ITAPERUNA LTDA-,RJ,ITAPERUNA,VINHOSA
22777133000101,A.D.BRASIL MINIMERCADO LTDA - ME,RJ,JAPERI,NOVA BELEM
35833649000178,MJV OLIVEIRA MERCEARIA E ABATEDOURO ME.,RJ,MACAE,AEROPORTO
13952377000192,R DE JESUS COMERCIO E SERVICOS DE MACAE ME,RJ,MACAE,AJUDA
08472686000206,CAMPOS PAVANI DE MACAE COMERCIO DE ALIMENTOS LTDA,RJ,MACAE,AJUDA DE BAIXO
10481246000186,BLACK GOLD ALIMENTOS LTDA.,RJ,MACAE,ALTO CAJUEIRO
39690284000120,KATIA BACELLAR OLIVE MARINS ME,RJ,MACAE,AROEIRA
35824374000106,SCHUINDT E MACHADO LTDA,RJ,MACAE,AROEIRA
05787892000136,SUPERMERCADO DOIS IRMAOS DA ARUEIRA LTDA EPP,RJ,MACAE,ARUEIRA
11807527000149,ACTS MERCEARIA E PADARIA LTDA.,RJ,MACAE,BALNEARIO LAGOMAR
09722020000140,WOXITON LUIZ MELO SIMOES,RJ,MACAE,BARRA DE MACAE
23329763000186,VIEIRA E VIEIRA SUPERMERCADO LTDA,RJ,MACAE,BARRA DE MACAE
07359966000169,SO OFERTAS SUPERMERCADO LTDA,RJ,MACAE,CENTRO
68641935000190,SACOLAO RAINHA DE HOTIFRUTIGRANJEIROS LTDA,RJ,MACAE,CENTRO
08455029000170,COSTA COMPACTO COMERCIO DE PRODUTOS ALIMENTICIOS LTDA - EPP,RJ,MACAE,CENTRO
72392434000195,AVENIDA SERRAMAR LTDA EPP,RJ,MACAE,CORREGO DO OURO
06790215000130,PINHEIRO BRANCO MOTA DISTRIBUIDORA DE ALIMENTOS,RJ,MACAE,COSTA DO SOL
27903872000116,W GOMES DE ALMEIDA HORTIFRUTI E MERCADO - ME,RJ,MACAE,GLORIA
20548393000180,H H MURAYAMA HORTIFRUTI LTDA - EPP,RJ,MACAE,GRANJA DOS CAVALEIROS
13638717000105,MERCADO 01 VITORIA LTDA ME.,RJ,MACAE,GRANJA DOS CAVALEIROS
24402991000105,S VIEIRA E CIA LTDA - ME,RJ,MACAE,IMBURO
19844685000180,JOSE RONALDO DE SOUSA LIMA 02559386160,RJ,MACAE,IMBURO
39707427000160,S FIGUEIRA DA SILVA FILHO DISTRIBUIDORA,RJ,MACAE,JARDIM SOL E MAR
17347555000107,MARCOS E MARCOS SUPERMERCADO LTDA-ME,RJ,MACAE,LAGOA
23896646000102,MJC MERCEARIA E ACOUGUE LTDA EPP,RJ,MACAE,LAGOMAR
07652822000104,R L DE SOUZA ALIMENTOS -ME,RJ,MACAE,LAGOMAR
01235391000196,O LUIZ DE SOUZA,RJ,MACAE,NOVA HOLANDA
32018491000194,ALIMINAS ALIMENTACAO INDUSTRIAL LTDA,RJ,MACAE,NOVO CAVALEIROS
26579272000181,SOUZA E BARREIRA COMERCIO LTDA ME,RJ,MACAE,PARQUE AEROPORTO
26597455000120,HORTIFRUTI SACOLAO ASA LTDA ME,RJ,MACAE,PARQUE AEROPORTO
30666051000118,IRMAOS FRAGOSO E CIA LTDA EPP,RJ,MACAE,PARQUE AEROPORTO
24360959000104,CASTELO RODRIGUES ACO E MERCE EIRELI,RJ,MACAE,PQ AEROPORTO
18869111000102,SUPERMERCADO TALON PEDROSA LTDA.,RJ,MACAE,SAO JOSE DO BARRETO
20815576000114,M L ZIELINSKI LANCHONETE E CONVENIENCIA,RJ,MACAE,SOL E MAR
23844708000124,ALFA SUPERMERCADO - EIRELI,RJ,MACAE,SOL E MAR
36291144000191,JORGE DE OLIVEIRA MARTINS ME,RJ,MACAE,TRAPICHE
25062218000100,MERCEARIA TRAPICHE LTDA - ME,RJ,MACAE,TRAPICHE
04877523000171,LUPAUMAX MERCADO E ACOUGUE LTDA ME,RJ,MACAE,VISCONDE DE ARAUJO
19863306000108,MINI MERCADO MOTIVA LTDA - EPP,RJ,MACAE,VISCONDE DE ARAUJO
26597455000200,HORTIFRUTI SACOLAO ASA LTDA - ME,RJ,MACAE,VISCONDE DE ARAUJO
29768702000100,VERONE DISTRIBUIDORA LTDA - EPP,RJ,MAGE,ANDORINHAS (SANTO ALEIXO)
11177182000197,POP LAR DE MAUA LTDA ME,RJ,MAGE,CENTRO
07879508000150,M M DE FRAGOSO COMESTIVEIS LTDA,RJ,MAGE,FRAGOSO
22666196000190,MERCADO SANTIAGO EIRELI.,RJ,MAGE,GANDE
17216750000106,BOM PRECO DA GUARANI LTDA ME,RJ,MAGE,INHOMIRIM ( PIABETA )
09134912000120,SUPERMERCADO TRIUNFO DE MAGE EIRELI ME,RJ,MAGE,JARDIM SURUI
12027650000100,NOVA OPCAO DE MAUA CEREAIS LTDA.,RJ,MAGE,MAUA
14234958000151,CITY CARNES MERCEARIA E LANCHONETE LTDA - ME,RJ,MAGE,PIABETA
21476954000145,MERCADO MUNDIAL DE MAGE EIRELI,RJ,MAGE,PIABETA (INHOMIRIM)
26494046000106,AURA MERCEARIA EIRELI - ME,RJ,MAGE,PICO (SANTO ALEIXO)
29768702000282,VERONE DISTRIBUIDORA LTDA - EPP,RJ,MAGE,VILA VELHA (SANTO ALEIXO)
16581132000194,LF MERCADO LTDA,RJ,MANGARATIBA,CONCEICAO DE JACAREI
23974342000108,FELIX MERCADO EIRELI,RJ,MANGARATIBA,CONCEICAO DE JACAREI
09567039000160,MERCADO IDEAL DE JACAREI LTDA ME,RJ,MANGARATIBA,CONCEICAO DE JACAREI
17386414000101,JM LISAMAR SUPERMERCADO LTDA,RJ,MANGARATIBA,CONCEICAO DE JACAREI
19966010000104,JD EIRA COMERCIO E TRANSPORTE LTDA.,RJ,MANGARATIBA,EL RANCHITO
19451763000187,ARMAZEM IMPERIAL DE MANGARATIBA LTDA ME,RJ,MANGARATIBA,IBICUI
04600156000164,FONTE DA ESPERANCA DE ITACURUCA COM E SERV EIRELI - ME,RJ,MANGARATIBA,ITACURUCA
19036019000116,SUPERMERCADO FRAUCHES LTDA,RJ,MARICA,ARACATIBA
25154767000287,SUPERMERCADO PHENIX DE PONTA NEGRA EIRELI - EPP,RJ,MARICA,ARACATIBA
27833615001550,PRINCESA AUTO SERVICO DE COMESTIVEIS LTDA,RJ,MARICA,CENTRO
27833615001631,PRINCESA AUTO SERVICO DE COMESTIVEIS LTDA,RJ,MARICA,CENTRO
12593698000185,S R 7 MINIMERCADO LTDA - ME,RJ,MARICA,CORDEIRINHO (PONTA NEGRA)
12526735000213,SUBLIMIS SUPERMERCADO LTDA,RJ,MARICA,GUARAPINA
25154767000104,SUPERMERCADO PHENIX DE PONTA NEGRA EIRELI,RJ,MARICA,GUARAPINA
08995681000187,ALS DE INOA MERCEARIA LTDA,RJ,MARICA,INOA
28769373000140,DELICIAS CANDY ATACADISTA DE ALIMENTOS EIRELI,RJ,MARICA,INOA
26421190000295,LMP ATACAREJO - EIRELI.,RJ,MARICA,INOA
07253907000101,MERCEARIA VIMARKET LTDA,RJ,MARICA,ITAIPUACU
12968606000285,DISTRIBUIDORA COMERCIAL SUMMER LTDA-,RJ,MARICA,ITAIPUACU
12968606000366,DISTRIBUIDORA COMERCIAL SUMMER LTDA.,RJ,MARICA,ITAIPUACU
12968606000102,DISTRIBUIDORA COMERCIAL SUMMER LTDA,RJ,MARICA,ITAIPUACU
19347801000156,SUPERMIX ATACADISTA E VAREJISTA DE GENEROS ALIMENTICIOS LTDA,RJ,MARICA,ITAPEBA
08605654000150,OLA OFERTAS COMERCIO VAREJISTA DE ALIMENTOS LTDA,RJ,MARICA,ITAPEBA
01446960000142,POINT 34 BAZAR E ALIMENTOS LTDA,RJ,MARICA,JARDIM ATLANTICO
11885963000136,OLA OFERTAS MERCEARIA DE MARICA LTDA,RJ,MARICA,PARQUE ELDORADO
17279185000118,GDA FERREIRA MINIMERCADO PONTA NEGRA,RJ,MARICA,PONTA NEGRA
12526735000132,SUBLIMIS SUPERMERCADO LTDA.,RJ,MARICA,SAO JOSE DE IMBASSAI
28782266000152,MERO INDUSTRIA E COMERCIO DE PESCADOS LTDA-ME,RJ,MARICA,SAO JOSE DE IMBASSAI
23891352000180,SMR SUPERMERCADO EIRELI,RJ,MARICA,SAO JOSE DO IMBASSAI
74126707000185,BAR E MERCEARIA MAFAUT'S DE MESQUITA LTDA,RJ,MESQUITA,CENTRO
12141181000155,ELVIS FRED MARTINS DA COSTA - ME,RJ,MESQUITA,CENTRO
01257874000191,QUEM SABE E NOS MERCEARIA E AVIARIO LTDA - ME,RJ,MESQUITA,SANTA TEREZINHA
36472215000152,ACOUGUE E MERCEARIA UNIAO DE MESQUITA LTDA - ME,RJ,MESQUITA,SANTA TEREZINHA
28241123000486,J RAMOS & FILHOS LTDA,RJ,MIRACEMA,CENTRO
32336794000902,SUPERMERCADO FLUMINENSE DE ITAPERUNA LTDA -,RJ,MIRACEMA,CENTRO
28223386000110,SUPERMERCADO SANSAO LTDA,RJ,NATIVIDADE,LIBERDADE
26765355000165,ACOUGUE E MERCEARIA MEGA BOI DA PRACA 2016 EIRELI - ME,RJ,NILOPOLIS,CENTRO
15637836000179,DISTRIBUIDORA COMERCIAL CEAG LTDA - EPP,RJ,NITEROI,BARRETO
30118426000105,MERCEARIA LONGOS VALES LTDA.,RJ,NITEROI,BARRETO
09483509000107,GRAN MIX MERCEARIA LTDA ME,RJ,NITEROI,BARRETO
23105401000101,SUPERMERCADO MASTER 2015 LTDA,RJ,NITEROI,BARRETO
22773132000199,W BORGES DE AGUIAR MERCADO GARIBALDE,RJ,NITEROI,CARAMUJO
25034941000177,VG MINIMERCADO DOS PESCADOS EIRELI,RJ,NITEROI,CENTRO
07984769000130,MERCADO HEXA E TAL COMERCIO DE ALIMENTOS LTDA ME,RJ,NITEROI,ENGENHOCA
28452026000190,MERCADO 2 AMIGOS EIRELI ME,RJ,NITEROI,ENGENHOCA
30330328000137,MERCADO CENTRAL ARARIBOIA LTDA,RJ,NITEROI,FONSECA
28593597000144,MERCADO DO BAIRRO QUATRO LTDA,RJ,NITEROI,FONSECA
12024521000249,SUPERMERCADO MASTER 2010 LTDA,RJ,NITEROI,FONSECA
14519108000108,SAO BENTO GENEROS ALIMENTICIOS LTDA,RJ,NITEROI,ICARAI
11032392000278,LGE COMERCIO DE GENEROS ALIMENTICIOS LTDA.,RJ,NITEROI,ITAIPU
10438370000592,COMPRE MAIS AUTO SERVICO LTDA,RJ,NITEROI,MARAVISTA ITAIPU
32049702000156,MERCEARIA KNUPP LTDA - ME,RJ,NITEROI,SANTA BARBARA
29773587000153,MERCEARIA MERIDIONAL LTDA.,RJ,NITEROI,SANTA BARBARA
11062927000172,M.M.& FILHOS COMERCIO DE PRODUTOS ALIMENTICIOS LTDA.,RJ,NITEROI,SANTA ROSA
11032392000197,LGE COMERCIO DE GENEROS ALIMENTICIOS LTDA EPP.,RJ,NITEROI,SAO FRANCISCO
10438370000673,COMPRE MAIS AUTO SERVICO LTDA,RJ,NITEROI,SAPE
18919502000186,REINAR COMERCIO DE ALIMENTOS EIRELI,RJ,NOVA FRIBURGO,CENTRO
13036147000426,MEGAFRIO COMERCIO E INDUSTRIA DE CARNES LTDA - EPP,RJ,NOVA FRIBURGO,CENTRO
07778851000109,VIEIRA REDER COMERCIO DE HORTIFRUTIGRANJEIROS LTDA,RJ,NOVA FRIBURGO,CENTRO
19789326000178,D S PIMENTA PEIXARIA - ME,RJ,NOVA FRIBURGO,CONSELHEIRO PAULINO
10482618000199,A RIBEIRO COIMBRA,RJ,NOVA FRIBURGO,CONSELHEIRO PAULINO
00834279000290,SUPERMERCADOS TIO DONGO LTDA EPP,RJ,NOVA FRIBURGO,CONSELHEIRO PAULINO
00834279000109,SUPERMERCADOS TIO DONGO LTDA EPP,RJ,NOVA FRIBURGO,CONSELHEIRO PAULINO
29215555000132,GERALDO AQUILES OUVERNEY,RJ,NOVA FRIBURGO,LUMIAR
03925746000102,QUEM VEM EM MURY GAMA SUPERMERCADO LTDA.,RJ,NOVA FRIBURGO,MURY
10885723000179,LUCCAS H DOS SANTOS MINIMERCADO EIRELI - EPP,RJ,NOVA FRIBURGO,NOVA SUICA
13036147000183,MEGAFRIO COMERCIO E INDUSTRIA DE CARNES LTDA EPP,RJ,NOVA FRIBURGO,PAYSANDU
16782151000189,SPR COM DE PRODUTOS ALIMENTICIOS EIRELI,RJ,NOVA FRIBURGO,PERISSE
01841072000124,CORNELIA CLAUDIA HENRICHS CORRAL.,RJ,NOVA FRIBURGO,SALINAS
28917877000160,A C H CORRAL - MERCEARIA,RJ,NOVA FRIBURGO,SALINAS
11820069000188,J PINTO COMERCIO DE ALIMENTOS LTDA,RJ,NOVA FRIBURGO,SAO GERALDO
23765450000170,MERCADO BOM PRECO COM VAREJ DE MERC EM GERAL LTDA ME,RJ,NOVA FRIBURGO,TERCEIRO
08242628000105,M. ANTONIO SARAIVA-MERCEARIA E ACOUGUE LTDA,RJ,NOVA FRIBURGO,VARGINHA
22328529000171,MERCADO BRASAO 2014 EIRELI - ME,RJ,NOVA IGUACU,ALTO DA POSSE
31970429000135,MERCEARIA DO SASSARICO LTDA - ME,RJ,NOVA IGUACU,ANDRADE DE ARAUJO
26980890000139,AM DE OLIVEIRA COMERCIO DE CARNES E FRIOS - ME,RJ,NOVA IGUACU,AUSTIN
22965384000110,T. P. MANSUR MERCEARIA - ME,RJ,NOVA IGUACU,CABUCU
17437030000162,E M W ACOUGUE LTDA - ME,RJ,NOVA IGUACU,CABUCU
11924197000171,ACOUGUE CENTRAL DE CABUCU LTDA - ME,RJ,NOVA IGUACU,CABUCU
23507360000180,MJ COMERCIO VAREJISTA ALIMENTOS LTDA - ME,RJ,NOVA IGUACU,CAMPO ALEGRE
21604696000135,M K HORTIFRUTI DE NOVA IGUACU LTDA - ME,RJ,NOVA IGUACU,COMENDADOR SOARES
26301876000161,AD BRASIL ACOUGUE LTDA - ME,RJ,NOVA IGUACU,COMENDADOR SOARES
16787097000164,V.S.F. MERCADO DE VILA DE CAVA EIRELI - ME,RJ,NOVA IGUACU,ENGENHEIRO ROCHA FREIRE
29081029000127,MERCADO ADONAI DO KM 32 LTDA,RJ,NOVA IGUACU,KM 32
04715430000140,ACOUGUE IGUACU DO MARCO DOIS LTDA ME,RJ,NOVA IGUACU,MARCO
05368841000170,MINI MERCADO FORTALEZA DO PARAISO LTDA - EPP,RJ,NOVA IGUACU,PARAISO
17906565000135,CLEONICE MARQUES COSTA MERCEARIA E LANCHONETE LTDA - ME,RJ,NOVA IGUACU,PARAISO
22703079000150,L DOS SANTOS MARTINS AVIARIO,RJ,NOVA IGUACU,ROSA DOS VENTOS
17851326000125,BIFE DE ELITE COMERCIO DE CARNES LTDA - ME,RJ,NOVA IGUACU,VALVERDE
11251254000441,CEREAIS GEHREN COMERCIO DE ALIMENTOS LTDA.,RJ,PETROPOLIS,ALTO DA SERRA
18164044000112,SUPER PRADO COMERCIO DE ALIMENTOS EIRELI-EPP,RJ,PETROPOLIS,CORREAS
39217583000142,CRUZ   GOUVEA & CIA LTDA,RJ,PORCIUNCULA,CENTRO
13445418000154,SUPERMERCADO SAO SEBASTIAO DE PORCIUNCULA LTDA.,RJ,PORCIUNCULA,CENTRO
15403844000150,ACOUGUE VITORIA LTDA - ME,RJ,QUEIMADOS,CENTRO
28891624000165,A A DE AZEVEDO SILVEIRA COMERCIO VAREJISTA DE CARNES,RJ,QUEIMADOS,CENTRO
13065191000111,RS MERCADO VAREJISTA LTDA - EPP,RJ,QUEIMADOS,CENTRO
28108298000177,311 HAMILTON IMPORTACAO E EXPORTACAO EIRELI - ME,RJ,RIO BONITO,BELA VISTA
40404683000167,MINI MERCADO EBENEZES LTDA ME,RJ,RIO BONITO,BOA ESPERANCA
27654565000149,MERCEARIA DIPLOMATA LTDA.,RJ,RIO BONITO,CENTRO
29070498000140,RT SOLUCOES E SERVICOS LTDA,RJ,RIO BONITO,CENTRO
27857730000160,RB FRUTAS E ALIMENTOS EIRELI,RJ,RIO BONITO,CENTRO
04974643000197,TINOCO E MENDONCA AUTO SERVICO LTDA ME.,RJ,RIO BONITO,CENTRO
26425468000200,MGF ATACAREJO LTDA.,RJ,RIO BONITO,CENTRO
08878246000172,NF-E EMITIDA EM AMBIENTE DE HOMOLOGACAO - SEM VALOR FISCAL,RJ,RIO DAS OSTRAS,ANCORA
10536093000127,CARVALHO CORREIA MERCADO E ACOUGUE LTDA,RJ,RIO DAS OSTRAS,ANCORA
25367530000101,DISCAPEL RIO DAS OSTRAS LTDA - ME,RJ,RIO DAS OSTRAS,CENTRO
27833615001712,PRINCESA AUTO SERVICO DE COMESTIVEIS LTDA ,RJ,RIO DAS OSTRAS,CENTRO
03572400000160,VITORIA REGIA ALIMENTOS LTDA.-,RJ,RIO DAS OSTRAS,CIDADE BEIRA MAR
07414757000170,MERCEARIA FERNANDES DE RIO DAS OSTRAS LTDA,RJ,RIO DAS OSTRAS,CIDADE PRAIANA
25311480000132,CONTROLE COMERCIO DE ALIMENTOS LTDA,RJ,RIO DAS OSTRAS,CIDADE PRAIANA
40169278000101,MINIMERCADO DOIS IRMAOS COSTA AZUL LTDA ME,RJ,RIO DAS OSTRAS,COSTA AZUL
27350851000110,LIMA E TRIGUEIRO COMERCIAL LTDA - ME,RJ,RIO DAS OSTRAS,COSTAZUL
03479374000120,JEOVANI COMERCIO DE GENEROS ALIMENTICIOS LTDA,RJ,RIO DAS OSTRAS,JARDIM CAMPOMAR
26414785000132,E R GOMES E MENDES MERCEARIA LTDA.,RJ,RIO DAS OSTRAS,JARDIM MARILEA
23887274000140,MERCADO POR DO SOL DE RIO DAS OSTRAS LTDA - EPP,RJ,RIO DAS OSTRAS,JARDIM MARILEA
05565335000170,SALVADOR DOIS IRMAOS MERCEARIA LTDA,RJ,RIO DAS OSTRAS,JARDIM MARILEA
10794037000192,CARLOS VINICIUS BR PAIXAO ME,RJ,RIO DAS OSTRAS,JARDIM MARILEIA
25062554000144,N S MERCADO CARIOCA LTDA - ME,RJ,RIO DAS OSTRAS,JARDIM MIRAMAR
20852670000143,PORTINARI MINI MERCADO CIDADE PRAIANA LTDA - ME,RJ,RIO DAS OSTRAS,JARDIM MIRAMAR
03182724000191,NF-E EMITIDA EM AMBIENTE DE HOMOLOGACAO - SEM VALOR FISCAL,RJ,RIO DAS OSTRAS,LIBERDADE
39233184000175,R A GENRO MERCEARIA EPP,RJ,RIO DAS OSTRAS,LIBERDADE
04610631000183,MERCADO MAR DO NORTE LTDA ME,RJ,RIO DAS OSTRAS,MAR DO NORTE
23768895000104,REDE TALON SUPERMERCADOS EIRELI.,RJ,RIO DAS OSTRAS,NOVA ESPERANCA
14568548000228,CLASSICOS COMERCIO DE ALIMENTOS LTDA,RJ,RIO DAS OSTRAS,NOVO RIO DAS OSTRAS
03572400000321,VITORIA REGIA ALIMENTOS LTDA,RJ,RIO DAS OSTRAS,PARQUE ZABULAO
24687732000160,MORENO E MONTEIRO MERCEARIA E PANIFICACAO LTDA - ME,RJ,RIO DAS OSTRAS,RECREIO
11670482000103,G B LUZ MERCADO LTDA,RJ,RIO DAS OSTRAS,RES PRAIA ANCORA
03572400000240,VITORIA REGIA ALIMENTOS LTDA,RJ,RIO DAS OSTRAS,VILLAGE RIO DAS OSTRAS
27010495000196,MERCEARIA SERNOR DE ANCHIETA LTDA,RJ,RIO DE JANEIRO,ANCHIETA
22872424000189,R.M. CORREA HORTIFRUTTI ANIL EIRELI - EPP,RJ,RIO DE JANEIRO,ANIL
15116388000168,DIST COLOSSAL COM IMP E EXP ALIM LTDA,RJ,RIO DE JANEIRO,BARRA DA TIJUCA
10572977000137,POSTO DAS PIZZAS EIRELI - ME,RJ,RIO DE JANEIRO,BONSUCESSO
42294744000106,CASA DE AVES NOVA BRASILIA LTDA - EPP,RJ,RIO DE JANEIRO,BONSUCESSO
03647632000130,PRIME SUPERMERCADO EIRELI - ME,RJ,RIO DE JANEIRO,CAMPO GRANDE
15315283000138,HORTI FRUTI ZONA OESTE LTDA ME,RJ,RIO DE JANEIRO,CAMPO GRANDE
16417036000105,MERCEARIA BOAS COMPRAS DA CDD EIRELI ME,RJ,RIO DE JANEIRO,CIDADE DE DEUS
20811236000115,MERCADO MEGA MARKET DO RIO EIRELI - EPP,RJ,RIO DE JANEIRO,COSMOS
29080813000110,MERCADO ADONAI DO ENCANAMENTO LTDA,RJ,RIO DE JANEIRO,COSMOS
42379339000190,RESTAURANTE RANCHO VERDE LTDA,RJ,RIO DE JANEIRO,FREGUESIA
12426762000133,REI DO FEIJAO LTDA ME,RJ,RIO DE JANEIRO,GUARATIBA
29080946000197,MERCADO ADONAI DE INHOAIBA LTDA,RJ,RIO DE JANEIRO,INHOAIBA
19184291000143,MERCADO RENASCER DA CARVALHO RAMOS LTDA,RJ,RIO DE JANEIRO,INHOAIBA/ CAMPO GRANDE
06267972000204,KARAPITO DA BEIRA COMERCIO DE ALIMENTOS LTDA,RJ,RIO DE JANEIRO,IRAJA
13107698000190,RECREIO RIO DISTRIBUIDORA DE ALIMENTOS LTDA,RJ,RIO DE JANEIRO,IRAJA
07384953000140,PORTAL DO EDEN COMERCIAL ALIM LTDA,RJ,RIO DE JANEIRO,IRAJA
27833615000155,PRINCESA AUTO SERVICO DE COMESTIVEIS LTDA,RJ,RIO DE JANEIRO,PENHA CIRCULAR
28044530000150,974 DA LOBO MERCADO EIRELI - ME,RJ,RIO DE JANEIRO,PENHA CIRCULAR
21229586000130,VERO RIO COMERCIO ATACADISTA DE GENEROS ALIMENTICIOS EIRELI,RJ,RIO DE JANEIRO,PENHA CIRCULAR
01015564000160,NISSI COMERCIO E REPRESENTACOES LTDA - ME,RJ,RIO DE JANEIRO,PENHA CIRCULAR
26908846000118,BARONESA PESCADOS LTDA,RJ,RIO DE JANEIRO,PRACA SECA
27764313000172,BAZAR TEM TUDO DO ITARARE EIRELI,RJ,RIO DE JANEIRO,RAMOS
21916948000161,ACOUGUE E MERCEARIA IRMAOS ALARCON LTDA,RJ,RIO DE JANEIRO,RICARDO DE ALBUQUERQUE
21360690000160,HORTIFRUTI CENTRAL DE SANTA CRUZ EIRELI,RJ,RIO DE JANEIRO,SANTA CRUZ
20994900000109,BIG REI COMERCIO DE CARNES E DERIVADOS LTDA - EPP,RJ,RIO DE JANEIRO,SANTA CRUZ
20216760000148,MERCADO BOM PRECO DO SAO VITOR LTDA ME,RJ,RIO DE JANEIRO,SANTISSIMO
05146190000173,MINI MERCADO UBAPORANGA DE SAO CRISTOVAO LTDA ME,RJ,RIO DE JANEIRO,SAO CRISTOVAO
15285120000150,FRUTALHA DA TAQUARA COMERCIO DE FRUTAS LEGUMES LTDA.,RJ,RIO DE JANEIRO,TAQUARA
05273676000415,RJ -REDE QUALLY DE HORTIFRUT LTDA,RJ,RIO DE JANEIRO,TIJUCA
23740305000135,SUPERMERCADO DAMITEX LTDA,RJ,RIO DE JANEIRO,TURIACU
21431906000130,THURLER E COSTA - COMERCIO DE GENEROS ALIMENTICIOS LTDA - ME,RJ,SANTA MARIA MADALENA,PARQUE ITAPORANGA
01023162000108,MERCEARIA CIDADE DAS AGUAS LTDA - ME,RJ,SANTO ANTONIO DE PADUA,CENTRO
07028165000110,CORTES E RAMOS MERCADINHO LTDA. - ME,RJ,SAO FIDELIS,ANGELIM
04904985000130,F C DE ALVARENGA PRODUTOS ALIMENTICIOS LTDA-ME,RJ,SAO FIDELIS,BARAO DE MACAUBAS
31503576000103,B PEREIRA SILVA E SANTOS COM DE PROD ALIM LTDA,RJ,SAO FIDELIS,CENTRO
04904985000211,F C ALVARENGA PRODUTOS ALIMENTICIOS LTDA,RJ,SAO FIDELIS,JONAS ALMEIDA SILVA
32336794001399,SUPERMERCADO FLUMINENSE DE ITAPERUNA LTDA,RJ,SAO FIDELIS,SAO VICENTE DE PAULO
31503576000286,B PEREIRA SILVA E SANTOS - COM DE PROD ALIM LTDA,RJ,SAO FIDELIS,VILA COROADOS
12949057000110,MIRIAM PAES DOS SANTOS-ME,RJ,SAO FRANCISCO DE ITABAPOANA,CENTRO
07309839000155,ROBSON PINTO MARTINS,RJ,SAO FRANCISCO DE ITABAPOANA,CENTRO
10578244000290,GP INDUSTRIA  SERVICOS E COMERCIO DE ALIMENTOS LTDA,RJ,SAO GONCALO,ALCANTARA
10578244000533,GP INDUSTRIA  SERVICOS E COMERCIO DE ALIMENTOS LTDA,RJ,SAO GONCALO,ALCANTARA
10578244000100,GP INDUSTRIA  SERVICOS E COMERCIO DE ALIMENTOS LTDA.,RJ,SAO GONCALO,ALCANTARA
16559614000490,SOBERANO INDUSTRIA E COMERCIO DE ALIMENTOS LTDA.,RJ,SAO GONCALO,ALCANTARA
21585994000125,AR MINIMERCADO DAS CARNES - EIRELI,RJ,SAO GONCALO,AMENDOEIRA
28070379000125,GRM - MINIMERCADO DAS CARNES - EIRELI,RJ,SAO GONCALO,AMENDOEIRA
11699310000162,BOM DEPOSITO MERCADO LTDA - EPP,RJ,SAO GONCALO,ARSENAL
27883929000162,S M CARVALHO MINI MERCADO BOM GOSTO EIRELI - ME,RJ,SAO GONCALO,ARSENAL
10578244000371,GP INDUSTRIA  SERVICOS E COMERCIO DE ALIMENTOS LTDA,RJ,SAO GONCALO,BARRO VERMELHO
16559614000571,SOBERANO INDUSTRIA E COMERCIO DE ALIMENTOS LTDA-,RJ,SAO GONCALO,BARRO VERMELHO
22918167000500,UNIDOS SUPERMERCADOS LTDA.-,RJ,SAO GONCALO,BOA VISTA
11161299000182,UNIDOS 1972 PRODUTOS ALIMENTICIOS LTDA,RJ,SAO GONCALO,BOACU
22918167000683,UNIDOS SUPERMERCADOS LTDA,RJ,SAO GONCALO,BOACU
17875310000152,MERCADO NOROESTE EIRELI.,RJ,SAO GONCALO,BOACU
27603931000130,MERCADO DE TRAILERS DO PORTO DO ROSA LTDA - ME,RJ,SAO GONCALO,BOACU
11447841000168,OK GENEROS ALIMENTICIOS LTDA.,RJ,SAO GONCALO,CAMARAO
25278609000158,HORTIFRUTI NOVA SAFRA DE SAO GONCALO EIRELI - ME,RJ,SAO GONCALO,CENTRO
03494756000122,VIEIRA E CUNHA LTDA ME.,RJ,SAO GONCALO,CENTRO
11801408000189,PASSARELA FOOD LTDA ME,RJ,SAO GONCALO,COLUBANDE
15246756000192,LOBO CEREALISTA LTDA - EPP,RJ,SAO GONCALO,COLUBANDE
25115579000169,MCS DISTRIBUIDORA DE PRODUTOS ALIMENTICIOS EIRELI - ME,RJ,SAO GONCALO,COLUBANDE
13126932000127,MANAUS 1183 MERCEARIA LTDA,RJ,SAO GONCALO,COLUBANDE
28581627000100,SUPERMERCADO PEPAO LTDA.,RJ,SAO GONCALO,COLUBANDE
08882705000191,EMERG S GONCALO COM DIST GEN ALIM LTDA,RJ,SAO GONCALO,COLUBANDE
02833741000189,ZUIL DE NITEROI COMERCIO E DISTRIBUIDORA LTDA - ME,RJ,SAO GONCALO,COLUBANDE
23858485000154,EP MIX SUPERMERCADO EIRELI,RJ,SAO GONCALO,ENGENHO PEQUENO
15655279000119,UNIDOS GB PRODUTOS ALIMENTICIOS LTDA,RJ,SAO GONCALO,GALO BRANCO
22918167000411,UNIDOS SUPERMERCADOS LTDA.,RJ,SAO GONCALO,GALO BRANCO
16559614000148,SOBERANO INDUSTRIA E COMERCIO DE ALIMENTOS LTDA,RJ,SAO GONCALO,GRADIM
07956785000110,MENDES DE ITAUNA COMERCIO DE ALIMENTOS LTDA,RJ,SAO GONCALO,ITAUNA
18672533000185,UNIDOS DE ITAUNA PRODUTOS ALIMENTICIOS LTDA,RJ,SAO GONCALO,ITAUNA
22918167000250,UNIDOS SUPERMERCADOS LTDA ,RJ,SAO GONCALO,ITAUNA
22918167000179,UNIDOS SUPERMERCADOS LTDA;,RJ,SAO GONCALO,ITAUNA
22918167000330,UNIDOS SUPERMERCADOS LTDA..,RJ,SAO GONCALO,ITAUNA
07532975000100,D' IGOR MERCEARIA LTDA ME,RJ,SAO GONCALO,JARDIM CATARINA
15541880000180,MERCEARIA 5 ESTRELAS LTDA - EPP,RJ,SAO GONCALO,JARDIM CATARINA
00175479000105,MERCEARIA ECONOMICA W J LTDA,RJ,SAO GONCALO,JARDIM CATARINA
11876791000134,MERCADO JK MACHADO LTDA,RJ,SAO GONCALO,JARDIM CATARINA
22546657000191,MERCEARIA 6 ESTRELAS LTDA.,RJ,SAO GONCALO,JARDIM CATARINA
22536813000133,SUPERMERCADO ECONOMICO JJ - EIRELI,RJ,SAO GONCALO,JARDIM CATARINA
21071655000120,RC ALMEIDA COMERCIO DE ALIMENTOS - EIRELI,RJ,SAO GONCALO,LAGOINHA
10438370000169,COMPRE MAIS AUTO SERVICO LTDA,RJ,SAO GONCALO,LARANJAL
10438370000320,COMPRE MAIS AUTO SERVICO LTDA,RJ,SAO GONCALO,MIRIAMBI - RAUL VEIGA
13967018000109,RANGEL COMERCIO ATACADISTA DE GENEROS ALIMENTICIOS LTDA.,RJ,SAO GONCALO,MUTONDO
24341188000108,SOBERANA DISTRIBUIDORA DE PRODUTOS ALIMENTICIOS LTDA.,RJ,SAO GONCALO,MUTONDO
16559614000229,SOBERANO INDUSTRIA E COMERCIO DE ALIMENTOS LTDA,RJ,SAO GONCALO,MUTUA
13673828000152,SUPERMERCADO MASTER 2011 LTDA,RJ,SAO GONCALO,MUTUA
17712968000143,ITAUNA COMERCIO DE CARNES LTDA,RJ,SAO GONCALO,PARAISO
73915597000178,PUBLIX GENEROS ALIMENTICIOS LTDA.,RJ,SAO GONCALO,PARAISO
17465134000180,PLUS CARNES ALIMENTOS LTDA,RJ,SAO GONCALO,PARAISO
10914837000108,SUPERMERCADO PIO BORGES LTDA.,RJ,SAO GONCALO,PITA
26421190000104,LMP ATACAREJO - EIRELI.,RJ,SAO GONCALO,RIO DO OURO
08962090000103,R C COMERCIO DE LATICINIOS E FRIOS PARA TRAILERS LTDA - ME,RJ,SAO GONCALO,SACRAMENTO
05943227000194,FENIX 1426 COMERCIO DE ALIMENTOS LTDA EPP,RJ,SAO GONCALO,SANTA ISABEL
10438370000754,COMPRE MAIS AUTO SERVICO LTDA,RJ,SAO GONCALO,SANTA LUZIA
12024521000168,SUPERMERCADO MASTER 2010 LTDA,RJ,SAO GONCALO,SANTA LUZIA
22548712000182,JR DE SOUZA SOUTO MINIMERCADO - ME,RJ,SAO GONCALO,SAO MIGUEL
03306353000102,MT TAVARES COMERCIO VAREJISTA DE ALIMENTOS LTDA,RJ,SAO GONCALO,SETE PONTES
22469760000185,CELEIRO COMERCIO ATACADISTA E VAREJISTA LTDA.,RJ,SAO GONCALO,TRIBOBO
17290317000102,VANCRIS COMERCIO ATACADISTA LTDA - ME.,RJ,SAO GONCALO,TRIBOBO
73915597000259,PUBLIX GENEROS ALIMENTICIOS.,RJ,SAO GONCALO,TRINDADE
13720747000166,MINI MERCADO SOFIA E JULIA LTDA.,RJ,SAO GONCALO,VILA CANDOZA
10438370000916,COMPRE MAIS AUTO SERVICO LTDA,RJ,SAO GONCALO,VISTA ALEGRE
10438370001211,COMPRE MAIS AUTO SERVICO LTDA,RJ,SAO GONCALO,VISTA ALEGRE
04056522000166,JADERSON DE OLIVEIRA GONCALVES - ME,RJ,SAO JOAO DA BARRA,ATAFONA
39703863000403,NELIO R VIANA FILHO.,RJ,SAO JOAO DA BARRA,BARCELOS
17814749000175,SUPER MASTER LANCHONETE E MERCEARIA EIRELI - ME,RJ,SAO JOAO DA BARRA,CENTRO
02674629000142,MARIA JOSE PEREIRA RIBEIRO TRINDADE - ME,RJ,SAO JOAO DA BARRA,CENTRO
07904735000199,JC DE SOUZA FRANCA,RJ,SAO JOAO DA BARRA,GRUSSAI
15514541000105,MERCADO RELUZ LTDA ME - ME,RJ,SAO JOAO DA BARRA,GRUSSAI
11086038000145,J DOS CHAGAS SILVA CEREAIS,RJ,SAO JOAO DA BARRA,PARQUE DAS FIGUEIRAS
28504271000101,KENIA G.M. DA SILVA - ACOUGUE - ME,RJ,SAO JOAO DE MERITI,AGOSTINHO PORTO
27471387000110,ACOUGUE VITORIA PRIME PRODUTOS ALIMENTICIOS LTDA,RJ,SAO JOAO DE MERITI,CENTRO
01254351000272,R C COMERCIO VAREJISTA DE HORTIFRUTIGRANJEIROS LTDA - EPP,RJ,SAO JOAO DE MERITI,CENTRO
06890258000359,RCA IMPERIAL COMERCIO DE FRUTAS E LEGUMES LTDA - ME,RJ,SAO JOAO DE MERITI,CENTRO
05956059000171,ACOUGUE FIEL DO BOTANICO EIRELI,RJ,SAO JOAO DE MERITI,JARDIM BOTANICO
27365336000104,R&M CAMPOS ALIMENTOS LTDA - ME,RJ,SAO JOAO DE MERITI,VILAR DOS TELES
27256168000119,ACOUGUE MERCEARIA E ROTISSERIA SAO MIGUEL DO VILAR LTDA,RJ,SAO JOAO DE MERITI,VILAR DOS TELES
05164703000500,BAZAR ECCARD DE SOUZA LTDA,RJ,SAO JOSE DE UBA,CENTRO
26141670000111,FAVO DE MEL DE SAO JOSE LTDA,RJ,SAO JOSE DO VALE DO RIO PRETO,SANTA FE
39191176000103,CASA DE QUEIJOS BALNEARIO S PEDRO ALDEIA LTDA ME,RJ,SAO PEDRO DA ALDEIA,BALNEARIO
03675450000172,PROMESSAS MERCEARIA E ACOUGUE LTDA ME,RJ,SAO PEDRO DA ALDEIA,BALNEARIO
10258474000272,SUPERMERCADO IDEAL DE SAO PEDRO LTDA ME,RJ,SAO PEDRO DA ALDEIA,CAMPO REDONDO
05490561000130,M A J COMERCIO DE GENEROS ALIMENTICIOS LTDA,RJ,SAO PEDRO DA ALDEIA,CENTRO
24793400000240,VAREJO TOTAL COMERCIO DE GENEROS ALIMENTICIOS LTDA,RJ,SAO PEDRO DA ALDEIA,CENTRO
15834741000145,VERDE FACIL COMERCIO DE ALIMENTOS LTDA,RJ,SAO PEDRO DA ALDEIA,CENTRO
27909336000128,KE FRUTAS ALIMENTOS SUPERMERCADOS LTDA - ME,RJ,SAO PEDRO DA ALDEIA,CENTRO
39508023000228,TERE FRUTAS COMERCIO DE ALIMENTOS E PANIFICACAO LTDA,RJ,SAO PEDRO DA ALDEIA,CENTRO
04055101000110,NVS ALIMENTOS LTDA,RJ,SAO PEDRO DA ALDEIA,CENTRO
06978188000123,VENTOS ALISIOS ALIMENTOS LTDA,RJ,SAO PEDRO DA ALDEIA,ESTACAO
21355757000178,P N L ALIMENTOS LTDA.,RJ,SAO PEDRO DA ALDEIA,PORTO DA ALDEIA
13537908000180,MERCADO E PADARIA L M LOUZADA LTDA.,RJ,SAO PEDRO DA ALDEIA,PORTO DO CARRO
12769662000290,DISTRIBUIDORA E COM DE FRIOS CABO FRIO TROPICAL LTDA,RJ,SAO PEDRO DA ALDEIA,SAO JOAO
21408990000171,CJP DAMAZIO HIPERMERCADO ME,RJ,SAPUCAIA,JAMAPARA
06953093000155,M L M COMERCIO DE GENEROS ALIMENTICIOS LTDA,RJ,SAQUAREMA,BACAXA
25079466000155,SUPERMERCADO QUALI PRECO DA MADRESSILVA EIRELI,RJ,SAQUAREMA,BACAXA
27833615002956,PRINCESA AUTO SERVICO DE COMESTIVEIS LTDA--,RJ,SAQUAREMA,BACAXA
08666702000110,SAKA COMERCIO DE ALIMENTOS E SUPERMERCADOS LTDA,RJ,SAQUAREMA,BACAXA
09653290000147,SUPERMERCADO SAO JUDAS TADEU LTDA,RJ,SAQUAREMA,BACAXA
18749311000113,V E J MINIMERCADO PORTO DA ROCA LTDA ME,RJ,SAQUAREMA,BACAXA
07258484000112,COMERCIO DE CEREAIS IZANITA LIMITADA.,RJ,SAQUAREMA,BACAXA
27854094000112,MERCADO PRAIANO LTDA - ME,RJ,SAQUAREMA,BASILEA (SAMPAIO CORREIA)
17339293000139,ATRIOS ALIMENTOS LTDA EPP,RJ,SAQUAREMA,BONSUCESSO
15471879000127,SUPERMERCADO BATISTA 2012 LTDA.,RJ,SAQUAREMA,CENTRO
24261973000142,SUPERMERCADO JACONE EIRELI,RJ,SAQUAREMA,JACONE
17516042000182,MINI MERCADO BOA SORTE DE JACONE LTDA-ME,RJ,SAQUAREMA,JACONE
08912225000126,DOIS B HZM COMERCIO DE ALIMENTOS LTDA ME,RJ,SAQUAREMA,PORTO DA ROCA
21127646000104,MERCADO SAO LUCAS DE PORTO DA ROCA EIRELI,RJ,SAQUAREMA,PORTO DA ROCA
13115975000107,C & R SUPERMERCADO SAMPAIO CORREA LTDA - ME,RJ,SAQUAREMA,SAMPAIO CORREA
27957499000186,SUPER ALIANCA MINIMERCADO LTDA - EPP,RJ,SILVA JARDIM,CAJU
02068929000188,O MIRANDA MENDONCA AUTO SERVICO LTDA,RJ,SILVA JARDIM,CENTRO
07221537000120,LOGISTICA COMERCIAL OITO IRMAOS LTDA,RJ,SILVA JARDIM,IMBAU
11391329000147,AMIGOS DE TANGUA MINIMERCADO LTDA,RJ,TANGUA,CENTRO
29549995000126,COMERCIAL PREFERIDO LTDA,RJ,TANGUA,CENTRO
15322994000130,I B DA SILVA COMERCIO DE ALIMENTOS EIRELI EPP,RJ,TANGUA,CENTRO
11093843000104,MERCADO E ACOUGUE SATELITE LTDA - ME,RJ,TANGUA,DUQUES
07779025000184,P G H BRAGA MERCEARIA,RJ,TERESOPOLIS,BONSUCESSO
36426237000186,MINI MERCADO BOM SUCESSO DE TERESOPOLIS LTDA,RJ,TERESOPOLIS,BONSUCESSO
16554104000269,MERCADO GUTI LTDA - ME,RJ,TERESOPOLIS,BONSUCESSO
18623826000172,ACOUGUE  MERCEARIA E LATICINIOS MEUDON LTDA - ME.,RJ,TERESOPOLIS,MEUDON
05131337000151,MERCADO BELEM DE TERESOPOLIS LTDA.,RJ,TERESOPOLIS,MEUDON
13390177000193,A A M T MERCADO PESSEGUEIROS LTDA ME.,RJ,TERESOPOLIS,PESSEGUEIROS
15549411000108,CASA DO HAMBURGUER DE TERESOPOLIS LTDA ME,RJ,TERESOPOLIS,SAO PEDRO
16554104000188,MERCADO GUTI LTDA ME.,RJ,TERESOPOLIS,SAO PEDRO
14326580000116,NF-E EMITIDA EM AMBIENTE DE HOMOLOGACAO - SEM VALOR FISCAL,RJ,TERESOPOLIS,VARGEM GRANDE
39508023000813,TERE FRUTAS COMERCIO DE ALIMENTOS E PANIFICACAO LTDA.,RJ,TERESOPOLIS,VARZEA
07539322000233,GREEN FRUIT NOVO MILENIO HORTIFRUTIGRANJEIROS LTDA,RJ,TERESOPOLIS,VARZEA
23387618000151,TERE FRUIT HORTIFRUTIGRANJEIROS LTDA ME,RJ,TERESOPOLIS,VARZEA
11836085000169,CASA DO QUEIJO DA RETA LTDA - EPP,RJ,TERESOPOLIS,VARZEA
06323540000192,SUPERMERCADO TRAJANENSE LTDA - ME,RJ,TRAJANO DE MORAIS,CENTRO
36570216000130,SUPERMERCADO BETO CEREAIS DE VARRE - SAI LTDA,RJ,VARRE-SAI,CENTRO
05426493000220,POLICO COMERCIAL DE ALIMENTOS LTDA,SC,NAVEGANTES,MACHADOS
16669198000130,BS STASSI VENDAS ME,SP,ARACARIGUAMA,RONDA
04007859000183,WS DA SILVA PLASTICOS EIRELI,SP,BARUERI,CHACARA MARCO
08722117000190,BRAZILCOA COMERCIO E SERVICOS DE PRODUTOS ALIMENTICIOS LTDA,SP,INDAIATUBA,DIST IND AMERICAN PARK
13396399000113,EMPORIUM IMPORTADORA E DIST DE ALIMENTOS LTDA,SP,ITAPECERICA DA SERRA,VILA GENI
62379037000391,IND DE PRODS ALIMS MAVALERIO LTDA,SP,ITATIBA,DO PINHAL
69018190000170,J H M MAQUINAS LTDA ME,SP,MOGI DAS CRUZES,ESTRADA DA CAPELINHA
17010487000196,GNC INOX,SP,SAO JOSE DO RIO PRETO,M I CENTENARIO DA EMANCIPACAO
07612579000273,JTC DISTRIBUIDORA LTDA,SP,SAO PAULO,BRAS
04445927000196,RMOURA COMERCIO DE CEREAIS LTDA,SP,SAO PAULO,BRAS
12360891000176,COLOSSAL SAO PAULO COM IMP EXP ALIM LTDA,SP,SAO PAULO,IPIRANGA
05426493000140,POLICO COMERCIAL DE ALIMENTOS LTDA,SP,SAO PAULO,VILA BUTANTA
17682396000105,FS CAVALARI DE SOUZA MAQUINAS AUT.,SP,SAO PAULO,VILA MARIANA
