CNPJ,preco,cliente,UF,cidade,bairro
9309021000168,24.520000000000003,NF-E EMITIDA EM AMBIENTE DE HOMOLOGACAO - SEM VALOR FISCAL,RJ,ANGRA DOS REIS,VILA NOVA DE CAMPOS
42294744000106,115.58,CASA DE AVES NOVA BRASILIA LTDA - EPP,RJ,RIO DE JANEIRO,BONSUCESSO
27103140000141,129.93,ANDRADE E MEIRA PANIFICADORA LTDA - ME,RJ,ARMACAO DOS BUZIOS,CENTRO
2101672000119,134.91,COMERCIAL LESTE MINAS LTDA,MG,AIMORES,CENTRO
26098410000100,139.16,AUTO SERVICO CASA SHOW LTDA - ME,ES,VIANA,UNIVERSAL
35995646000130,162.0,SUPERMERCADO DOIS IRMAOS LTDA,ES,COLATINA,VILA NOVA
35994433000275,162.0,MERCADO HORTICAXIXE LTDA EPP,ES,ARACRUZ,BARRA DO RIACHO
9612750000199,162.73,PADARIA E MERCEARIA G&J LTDA - M,RJ,DUQUE DE CAXIAS,JARDIM IMBARIE
10572977000137,166.8,POSTO DAS PIZZAS EIRELI - ME,RJ,RIO DE JANEIRO,BONSUCESSO
24639414000123,167.0,LUCAS CIPRESTE DE VARGAS - ME,ES,PIUMA,JARDIM MAILY
39345244000141,167.0,G P SUPERMERCADO LTDA - ME,ES,PIUMA,NITEROI
15403844000150,168.92000000000002,ACOUGUE VITORIA LTDA - ME,RJ,QUEIMADOS,CENTRO
1848448000122,169.68,C R COSTA - ME,ES,CARIACICA,ITANGUA
32049702000156,171.06,MERCEARIA KNUPP LTDA - ME,RJ,NITEROI,SANTA BARBARA
13036147000183,177.76000000000005,MEGAFRIO COMERCIO E INDUSTRIA DE CARNES LTDA EPP,RJ,NOVA FRIBURGO,PAYSANDU
27807563000142,183.36,ANTONIO G AGOSTINHO DOS SANTOS MERCEARIA E ACOUGUE - ME,RJ,CABO FRIO,UNAMAR (TAMOIOS)
11177182000197,192.23,POP LAR DE MAUA LTDA ME,RJ,MAGE,CENTRO
26141670000111,199.03,FAVO DE MEL DE SAO JOSE LTDA,RJ,SAO JOSE DO VALE DO RIO PRETO,SANTA FE
11472138000100,205.54,SUPERMERCADO DOM BOSCO LTDA ME,ES,MARILANDIA,CENTRO
18623826000172,205.94999999999996,ACOUGUE  MERCEARIA E LATICINIOS MEUDON LTDA - ME.,RJ,TERESOPOLIS,MEUDON
4610631000183,211.68,MERCADO MAR DO NORTE LTDA ME,RJ,RIO DAS OSTRAS,MAR DO NORTE
14962390000195,212.94,HIPERMARKET LTDA - ME.,ES,IBIRACU,CENTRO
14476627000128,231.54000000000002,VP SUPERMERCADO LTDA EPP,ES,BOM JESUS DO NORTE,CENTRO
3306353000102,234.12000000000003,MT TAVARES COMERCIO VAREJISTA DE ALIMENTOS LTDA,RJ,SAO GONCALO,SETE PONTES
39191176000103,237.12,CASA DE QUEIJOS BALNEARIO S PEDRO ALDEIA LTDA ME,RJ,SAO PEDRO DA ALDEIA,BALNEARIO
26980890000139,242.89,AM DE OLIVEIRA COMERCIO DE CARNES E FRIOS - ME,RJ,NOVA IGUACU,AUSTIN
15152313000132,247.89000000000001,QUALITY 617 DIST C DE CARNES BEBIDAS EIRELI - ME,RJ,ITAPERUNA,MARECHAL CASTELO BRANCO
7138469000130,251.88,OLIVEIRA E SILVA SUPERMERCADO LTDA - ME,ES,ITAPEMIRIM,CAMPO ACIMA
27571983000172,257.53999999999996,SUPERMERCADOS GOBBO LTDA,ES,ITAGUACU,CENTRO
39792205000192,261.3,SUPERMERCADO KINKAS LTDA,ES,ARACRUZ,CENTRO
28390961000179,262.12,COMERCIAL DE CEREAIS GUANDUENSE LTDA,MG,AIMORES,CENTRO
11093843000104,263.0899999999999,MERCADO E ACOUGUE SATELITE LTDA - ME,RJ,TANGUA,DUQUES
12892415000287,264.96,FRISA COMERCIAL S/A.,ES,COLATINA,CENTRO
15111611000184,270.64,III CONCORDIA COMER E DISTRIBUICAO DE GENEROS ALIMENTICIOS L,RJ,CABO FRIO,TANGARA
36291144000191,276.7,JORGE DE OLIVEIRA MARTINS ME,RJ,MACAE,TRAPICHE
20657396000151,277.44,MERCADO CASTANHA LTDA,RJ,DUQUE DE CAXIAS,JARDIM BALNEARIO ANA CLARA
25034941000177,281.28,VG MINIMERCADO DOS PESCADOS EIRELI,RJ,NITEROI,CENTRO
25367530000101,283.07,DISCAPEL RIO DAS OSTRAS LTDA - ME,RJ,RIO DAS OSTRAS,CENTRO
39508023000813,288.65999999999997,TERE FRUTAS COMERCIO DE ALIMENTOS E PANIFICACAO LTDA.,RJ,TERESOPOLIS,VARZEA
13508821000185,297.06,MARINI & MELLO LTDA - ME,ES,ITAPEMIRIM,ITAIPAVA
17359233000188,298.02,TECIDOS E ARMARINHOS MIGUEL BARTOLOMEU S/A,MG,CONTAGEM,TAPERA
39217583000142,304.0,CRUZ   GOUVEA & CIA LTDA,RJ,PORCIUNCULA,CENTRO
4630798000106,313.0,SUPERMERCADO GARBOS LTDA - ME,ES,VILA VELHA,ARACAS
8357136000165,319.14,SUPERMERCADO VALLIN LTDA,ES,ARACRUZ,BARRA DO SAHY
13036147000426,322.08000000000004,MEGAFRIO COMERCIO E INDUSTRIA DE CARNES LTDA - EPP,RJ,NOVA FRIBURGO,CENTRO
39638580000182,324.36,ADRIANO JOVITA BARROS EPP,ES,LINHARES,BEBEDOURO
28094587000164,331.51000000000005,MINIMERCADO TEM TUDO SABARA LTDA,RJ,DUQUE DE CAXIAS,JARFIM PRIMAVERA
17024368000192,333.6,VILMA DE FATIMA REZENDE SOBREIRA - ME,ES,MARATAIZES,BARRA DO ITAPEMIRIM
7778851000109,336.46000000000004,VIEIRA REDER COMERCIO DE HORTIFRUTIGRANJEIROS LTDA,RJ,NOVA FRIBURGO,CENTRO
1704374000150,338.82000000000005,D. S. COUTINHO EIRELI - ME,ES,ITAPEMIRIM,CENTRO
11801408000189,346.8900000000001,PASSARELA FOOD LTDA ME,RJ,SAO GONCALO,COLUBANDE
1257874000191,356.12,QUEM SABE E NOS MERCEARIA E AVIARIO LTDA - ME,RJ,MESQUITA,SANTA TEREZINHA
18538019000151,360.72,CARDOSO E COSTA DISTRIBUIDORA LTDA,RJ,CABO FRIO,PARQUE BURLE
8929445000162,364.8,ECOREAL SUPERMERCADOS LTDA - ME,ES,VILA VELHA,TERRA VERMELHA
10794037000192,369.21000000000004,CARLOS VINICIUS BR PAIXAO ME,RJ,RIO DAS OSTRAS,JARDIM MARILEIA
24402991000105,369.34000000000003,S VIEIRA E CIA LTDA - ME,RJ,MACAE,IMBURO
2075715000139,369.5,CASA NATHALIA DAS CARNES LTDA - ME,RJ,BELFORD ROXO,VILAR NOVO
27547678000145,372.96000000000004,IPAMAR COMERCIAL LTDA,ES,CARIACICA,NOVA BRASILIA
72155534000106,377.22999999999996,P M LUCAS MERCEARIA LTDA ME,RJ,ANGRA DOS REIS,JACUECANGA
39281142000100,388.40999999999997,SUPERMERCADO POPULAR LTDA - EPP,ES,SANTA TERESA,VILA NOVA
13952377000192,415.25999999999993,R DE JESUS COMERCIO E SERVICOS DE MACAE ME,RJ,MACAE,AJUDA
39267802000106,419.53999999999996,JOAO PAGUNG ACOUGUE .,ES,PANCAS,CENTRO
27365336000104,420.14,R&M CAMPOS ALIMENTOS LTDA - ME,RJ,SAO JOAO DE MERITI,VILAR DOS TELES
20994900000109,422.23,BIG REI COMERCIO DE CARNES E DERIVADOS LTDA - EPP,RJ,RIO DE JANEIRO,SANTA CRUZ
1872160000193,431.01,SUPERMERCADO CASALI LTDA EPP.,ES,MARILANDIA,CENTRO
23896646000102,446.10000000000014,MJC MERCEARIA E ACOUGUE LTDA EPP,RJ,MACAE,LAGOMAR
7028165000110,446.3399999999999,CORTES E RAMOS MERCADINHO LTDA. - ME,RJ,SAO FIDELIS,ANGELIM
7879508000150,450.29,M M DE FRAGOSO COMESTIVEIS LTDA,RJ,MAGE,FRAGOSO
21390936000146,454.26000000000005,SUPERMERCADO FLAMEL LTDA - EPP.,ES,SANTA TERESA,DOIS PINHEIROS
5131160000193,456.0,MINI-MERCADO VILA URASSAI EIRELI,RJ,DUQUE DE CAXIAS,VILA URUSSAI
15834741000145,467.73,VERDE FACIL COMERCIO DE ALIMENTOS LTDA,RJ,SAO PEDRO DA ALDEIA,CENTRO
5971368000110,468.0,ROBERTO CARLOS PESSIN - ME.,ES,SAO GABRIEL DA PALHA,CENTRO
10258873000233,468.75,SOLUCAO INGREDIENTES INDUSTRIAIS LTDA ME,PR,CURITIBA,CAMPO COMPRIDO
33009911025395,470.43000000000006,SOUZA CRUZ LTDA,RJ,DUQUE DE CAXIAS,JARDIM GRAMACHO
5813544000196,470.86,FIALHO E CYPRIANO SUPERMERCADO LTDA - ME,ES,PIUMA,ITAPUTANGA
12078803000148,471.27,SUPERMERCADO UNIAO LTDA.,ES,ITAGUACU,CENTRO
13537908000261,476.79999999999995,MERCADO E PADARIA L M LOUZADA LTDA,RJ,CABO FRIO,JARDIM PERO
16559614000148,482.4,SOBERANO INDUSTRIA E COMERCIO DE ALIMENTOS LTDA,RJ,SAO GONCALO,GRADIM
8455561000197,482.94000000000005,P E S RANGEL HORTIFRUTI - ME,ES,MARATAIZES,BARRA DE ITAPEMIRIM
27903872000116,487.54999999999995,W GOMES DE ALMEIDA HORTIFRUTI E MERCADO - ME,RJ,MACAE,GLORIA
10254507000125,494.2200000000001,ADRIANA F GONCALVES PADARIA ME,RJ,CABO FRIO,AQUARIOS
22703079000150,500.44,L DOS SANTOS MARTINS AVIARIO,RJ,NOVA IGUACU,ROSA DOS VENTOS
5956059000171,519.6899999999999,ACOUGUE FIEL DO BOTANICO EIRELI,RJ,SAO JOAO DE MERITI,JARDIM BOTANICO
19657976000160,521.2,RENDE PACAS COMERCIO DE ALIMENTOS LTDA ME,RJ,CABO FRIO,UNAMAR
23765450000170,538.11,MERCADO BOM PRECO COM VAREJ DE MERC EM GERAL LTDA ME,RJ,NOVA FRIBURGO,TERCEIRO
9435241000138,554.04,L.C. LEAL MERCEARIA - ME,ES,ITAPEMIRIM,CENTRO.
10600073000178,556.1400000000001,IMPACTO MASSAS E GENEROS ALIMENTICIOS LTDA,RJ,ARARUAMA,VILA CANAA
31469067000101,564.4399999999999,ELIO GARCIA MARVILLA FILHO - ME,ES,PIUMA,UNIAO
27267673000169,574.8,SUPERMERCADO JOAO NEIVA LTDA - EPP,ES,JOAO NEIVA,CENTRO
8505159000170,578.27,MERCEARIA SILVEIRA EUGENOPOLIS LTDA,MG,EUGENOPOLIS,CENTRO
20815576000114,593.8600000000004,M L ZIELINSKI LANCHONETE E CONVENIENCIA,RJ,MACAE,SOL E MAR
27995546000186,598.0799999999998,AC CUSTODIO FILHO COMERCIO - ME,RJ,ARARUAMA,BURACO DO PAU
4048163000103,600.8399999999999,CAMPOS CEREAIS LTDA,ES,CACHOEIRO DE ITAPEMIRIM,SANTA HELENA
4628804000190,602.0,COMERCIAL L.C.T. LTDA - EPP.,ES,SAO MATEUS,GURIRI
16581132000194,607.0300000000001,LF MERCADO LTDA,RJ,MANGARATIBA,CONCEICAO DE JACAREI
27742988000200,611.53,SUPERMERCADOS TAKY EIRELI,RJ,DUQUE DE CAXIAS,JARDIM GRAMACHO
15549411000108,620.43,CASA DO HAMBURGUER DE TERESOPOLIS LTDA ME,RJ,TERESOPOLIS,SAO PEDRO
3675450000172,622.81,PROMESSAS MERCEARIA E ACOUGUE LTDA ME,RJ,SAO PEDRO DA ALDEIA,BALNEARIO
11299726000193,633.5299999999999,SUPERMERCADO SANTA FE LTDA-ME.,ES,MANTENOPOLIS,CENTRO
35956606000180,639.3800000000001,MARINA MELLO NUNES - ME,ES,SERRA,CONJ HELIO FERRAZ
19844685000180,640.8599999999999,JOSE RONALDO DE SOUSA LIMA 02559386160,RJ,MACAE,IMBURO
11345696000104,655.0999999999999,ACOUGUE & AVIARIO REBECA OLIVEIRA LTDA ME,RJ,DUQUE DE CAXIAS,ILA SANTA CRUZ
23740305000135,664.83,SUPERMERCADO DAMITEX LTDA,RJ,RIO DE JANEIRO,TURIACU
9190998000109,668.0,SUPERMERCADO PAGANINI LTDA,ES,ANCHIETA,OLIVEIRA
4600156000164,694.2800000000001,FONTE DA ESPERANCA DE ITACURUCA COM E SERV EIRELI - ME,RJ,MANGARATIBA,ITACURUCA
9912142000108,703.04,LUCIO LAURINDO AGRIZZI - EPP,ES,COLATINA,MARIA DAS GRACAS
7394215000183,704.52,GILVERLAN BARBOSA SOUTO EPP,BA,NOVA VICOSA,VICOSA
36460970000389,713.9499999999999,LUANE DO PARQUE COLUMBIA MERCADO LTDA,RJ,DUQUE DE CAXIAS,CHACARAS ARCAMPO
12141181000155,714.31,ELVIS FRED MARTINS DA COSTA - ME,RJ,MESQUITA,CENTRO
39379011000160,714.8800000000001,SUPERMERCADO RAQUEL LTDA - ME,ES,CACHOEIRO DE ITAPEMIRIM,RUI PINTO BANDEIRA
28504271000101,725.1999999999999,KENIA G.M. DA SILVA - ACOUGUE - ME,RJ,SAO JOAO DE MERITI,AGOSTINHO PORTO
5466796000196,738.36,SUPERMERCADO MARETTO EIRELLI - EPP.,ES,VIANA,MARCILIO DE NORONHA
12426762000133,747.3199999999999,REI DO FEIJAO LTDA ME,RJ,RIO DE JANEIRO,GUARATIBA
30575476000111,765.0,SUPERMERCADO PRECO CERTO.,ES,COLATINA,CENTRO
28108298000177,788.51,311 HAMILTON IMPORTACAO E EXPORTACAO EIRELI - ME,RJ,RIO BONITO,BELA VISTA
21360690000160,792.87,HORTIFRUTI CENTRAL DE SANTA CRUZ EIRELI,RJ,RIO DE JANEIRO,SANTA CRUZ
8648358000137,793.4,CELSO C MANHAES,RJ,CAMPOS DOS GOYTACAZES,CENTRO
22328529000171,793.9499999999998,MERCADO BRASAO 2014 EIRELI - ME,RJ,NOVA IGUACU,ALTO DA POSSE
24283816000138,805.3200000000003,MERCEARIA M. D. DA SILVA LTDA - ME,ES,PIUMA,CENTRO
2275470000193,810.0,SUPERMERCADO ICONHA EIRELI,ES,ICONHA,CENTRO
1466610000148,813.2300000000001,MERCEARIA TATI DE BELFOD LTDA -ME,RJ,BELFORD ROXO,PARQUE ESPERANCA
8722117000190,825.0,BRAZILCOA COMERCIO E SERVICOS DE PRODUTOS ALIMENTICIOS LTDA,SP,INDAIATUBA,DIST IND AMERICAN PARK
28241123000486,828.7299999999999,J RAMOS & FILHOS LTDA,RJ,MIRACEMA,CENTRO
24652921000105,831.08,AUTO SERVICO FERNANDES SIQUEIRA EIRELI ME,ES,VILA VELHA,CRISTOVAO COLOMBO
29618089000306,848.6500000000001,COOPERATIVA AGRO PECUARIA DE ITAOCARA LTDA,RJ,ITAOCARA,CENTRO
7904735000199,851.2,JC DE SOUZA FRANCA,RJ,SAO JOAO DA BARRA,GRUSSAI
1023162000108,853.4,MERCEARIA CIDADE DAS AGUAS LTDA - ME,RJ,SANTO ANTONIO DE PADUA,CENTRO
4445927000196,855.0,RMOURA COMERCIO DE CEREAIS LTDA,SP,SAO PAULO,BRAS
26616381000121,857.9599999999998,HORTIFRUTIGRANJEIROS FASSARELLA & ROGGE LTDA - ME.,ES,VILA VELHA,VALE ENCANTADO
30666051000118,860.6999999999999,IRMAOS FRAGOSO E CIA LTDA EPP,RJ,MACAE,PARQUE AEROPORTO
10199766000109,862.58,VANUSA TAVARES DE OLIVEIRA-ME,RJ,CAMPOS DOS GOYTACAZES,PARQUE ROSARIO
22872424000189,866.6299999999999,R.M. CORREA HORTIFRUTTI ANIL EIRELI - EPP,RJ,RIO DE JANEIRO,ANIL
23673682000107,886.8,ALINE FAVERO DO NASCIMENTO,BA,PRADO,SAO BRAS
28834151000164,892.1200000000001,MERCADO TANGERINA LTDA,RJ,DUQUE DE CAXIAS,QUITATIVA
26941332000164,939.0,SUPERMERCADOS CAMPO GRANDE EIRELI,ES,CARIACICA,CAMPO GRANDE
13459058000140,947.84,MERCEARIA ESTRELA DA PRIMAVERA LTDA EPP,RJ,DUQUE DE CAXIAS,JARDIM SANTANA DO PILAR
29080813000110,953.58,MERCADO ADONAI DO ENCANAMENTO LTDA,RJ,RIO DE JANEIRO,COSMOS
11068482000138,956.0100000000002,E C V AUGUSTO MERCEARIA - ME,ES,SERRA,SERRAMAR
7532975000100,984.9600000000002,D' IGOR MERCEARIA LTDA ME,RJ,SAO GONCALO,JARDIM CATARINA
21604696000135,994.2199999999999,M K HORTIFRUTI DE NOVA IGUACU LTDA - ME,RJ,NOVA IGUACU,COMENDADOR SOARES
28782266000152,1002.0,MERO INDUSTRIA E COMERCIO DE PESCADOS LTDA-ME,RJ,MARICA,SAO JOSE DE IMBASSAI
13911878000120,1004.2199999999999,ELENILDA REGINA MARINS GUIMARAES MERCEARIA ME.,RJ,CABO FRIO,MARIA JOAQUINA
6890258000359,1010.3,RCA IMPERIAL COMERCIO DE FRUTAS E LEGUMES LTDA - ME,RJ,SAO JOAO DE MERITI,CENTRO
20712456000191,1030.3200000000002,CITY CARNES 25 DE AGOSTO MERCEARIA E LANCHONETE LTDA EPP,RJ,DUQUE DE CAXIAS,JARDIM VINTE E CINCO DE AGOSTO
62379037000391,1034.17,IND DE PRODS ALIMS MAVALERIO LTDA,SP,ITATIBA,DO PINHAL
2328363000186,1040.7599999999998,SCARPE CEREAIS LTDA,ES,CACHOEIRO DE ITAPEMIRIM,MONTE CRISTO
17851326000125,1045.4100000000003,BIFE DE ELITE COMERCIO DE CARNES LTDA - ME,RJ,NOVA IGUACU,VALVERDE
11251254000441,1050.8700000000001,CEREAIS GEHREN COMERCIO DE ALIMENTOS LTDA.,RJ,PETROPOLIS,ALTO DA SERRA
26765355000165,1070.46,ACOUGUE E MERCEARIA MEGA BOI DA PRACA 2016 EIRELI - ME,RJ,NILOPOLIS,CENTRO
4620892000184,1072.6800000000003,COMPANHIA DO BOI COMERCIO DE CARNES EIRELI,ES,SERRA,JARDIM LIMOEIRO
11836085000169,1081.9600000000005,CASA DO QUEIJO DA RETA LTDA - EPP,RJ,TERESOPOLIS,VARZEA
28593597000144,1092.3799999999997,MERCADO DO BAIRRO QUATRO LTDA,RJ,NITEROI,FONSECA
12502505000133,1096.14,MILLENIUM SUPERMERCADOS LTDA ME,RJ,ITABORAI,AMPLIACAO
25062218000100,1101.0800000000002,MERCEARIA TRAPICHE LTDA - ME,RJ,MACAE,TRAPICHE
28223386000110,1102.44,SUPERMERCADO SANSAO LTDA,RJ,NATIVIDADE,LIBERDADE
26597455000200,1103.31,HORTIFRUTI SACOLAO ASA LTDA - ME,RJ,MACAE,VISCONDE DE ARAUJO
23615208000110,1125.48,ASA BLUE MINI MERCADO E MERCEARIA EIRELI,RJ,ARARUAMA,PARATY
1235391000196,1147.6200000000001,O LUIZ DE SOUZA,RJ,MACAE,NOVA HOLANDA
27024494000109,1167.73,G DE S INDUSTRIA DE MASSAS LTDA - ME,RJ,CAMPOS DOS GOYTACAZES,CENTRO
8962090000103,1170.9900000000002,R C COMERCIO DE LATICINIOS E FRIOS PARA TRAILERS LTDA - ME,RJ,SAO GONCALO,SACRAMENTO
9379562000162,1188.3400000000001,COMERCIAL KINAO LTDA - EPP.,ES,ARACRUZ,GUARANA
12465011000126,1201.2800000000002,CGM ALIMENTOS LTDA EPP,RJ,CAMPOS DOS GOYTACAZES,PARQUE AURORA
24616223000146,1215.48,SUPERMERCADO VENETTO EIRELI,ES,VIANA,MARCILIO DE NORONHA
20852670000143,1216.8700000000003,PORTINARI MINI MERCADO CIDADE PRAIANA LTDA - ME,RJ,RIO DAS OSTRAS,JARDIM MIRAMAR
26908846000118,1220.49,BARONESA PESCADOS LTDA,RJ,RIO DE JANEIRO,PRACA SECA
3647632000130,1232.4500000000003,PRIME SUPERMERCADO EIRELI - ME,RJ,RIO DE JANEIRO,CAMPO GRANDE
7464058000135,1271.17,SUPERMERCADO SILVA LTDA.,MG,RESPLENDOR,N. SRA. DE FATIMA
7142743000145,1271.9199999999996,LATICINIOS ALVES GOMES LTDA ME,RJ,GUAPIMIRIM,BARREIRA
21408990000171,1272.8499999999997,CJP DAMAZIO HIPERMERCADO ME,RJ,SAPUCAIA,JAMAPARA
7309839000155,1278.76,ROBSON PINTO MARTINS,RJ,SAO FRANCISCO DE ITABAPOANA,CENTRO
25053220000104,1288.8000000000002,E H DA CUNHA MINIMERCADOS EIRELI ME,RJ,ARARUAMA,JAPAO
24478068000149,1303.84,ACOUGUE E MERCEARIA BIFAO 2016 EIRELI,RJ,DUQUE DE CAXIAS,CAMPOS ELISEOS
29080946000197,1314.26,MERCADO ADONAI DE INHOAIBA LTDA,RJ,RIO DE JANEIRO,INHOAIBA
29081029000127,1314.26,MERCADO ADONAI DO KM 32 LTDA,RJ,NOVA IGUACU,KM 32
10578244000100,1320.9699999999998,GP INDUSTRIA  SERVICOS E COMERCIO DE ALIMENTOS LTDA.,RJ,SAO GONCALO,ALCANTARA
22965384000110,1329.7800000000002,T. P. MANSUR MERCEARIA - ME,RJ,NOVA IGUACU,CABUCU
74126707000185,1344.1,BAR E MERCEARIA MAFAUT'S DE MESQUITA LTDA,RJ,MESQUITA,CENTRO
31759699000444,1350.46,COMERCIAL DEVENS LTDA,ES,ARACRUZ,COQUEIRAL
15637836000179,1352.85,DISTRIBUIDORA COMERCIAL CEAG LTDA - EPP,RJ,NITEROI,BARRETO
25062554000144,1368.9499999999994,N S MERCADO CARIOCA LTDA - ME,RJ,RIO DAS OSTRAS,JARDIM MIRAMAR
10335385000100,1384.9499999999998,R S ADOLPHO MERCADO E ACOUGUE,RJ,CABO FRIO,CELULA MATER
4715430000140,1385.4700000000003,ACOUGUE IGUACU DO MARCO DOIS LTDA ME,RJ,NOVA IGUACU,MARCO
27957499000186,1417.6799999999996,SUPER ALIANCA MINIMERCADO LTDA - EPP,RJ,SILVA JARDIM,CAJU
1254351000272,1423.1699999999998,R C COMERCIO VAREJISTA DE HORTIFRUTIGRANJEIROS LTDA - EPP,RJ,SAO JOAO DE MERITI,CENTRO
23507360000180,1436.4999999999998,MJ COMERCIO VAREJISTA ALIMENTOS LTDA - ME,RJ,NOVA IGUACU,CAMPO ALEGRE
27854094000112,1450.62,MERCADO PRAIANO LTDA - ME,RJ,SAQUAREMA,BASILEA (SAMPAIO CORREIA)
8353768000150,1464.67,MERCADO PARAISO DE XEREM LTDA,RJ,DUQUE DE CAXIAS,PARQUE XEREM
22548712000182,1467.8099999999995,JR DE SOUZA SOUTO MINIMERCADO - ME,RJ,SAO GONCALO,SAO MIGUEL
1190829000248,1480.2899999999997,SUPERMERCADO CALIL DE CONCEICAO DE MACABU LTDA,RJ,CONCEICAO DE MACABU,VILA SAO JOSE
18919502000186,1488.6499999999996,REINAR COMERCIO DE ALIMENTOS EIRELI,RJ,NOVA FRIBURGO,CENTRO
27285030000229,1494.7800000000004,MARIA JOSE MAIN LUCAS,ES,COLATINA,CENTRO
334392000206,1511.6399999999999,MERCADO REAL DE NOVA CAMPINAS LTDA - ME,RJ,DUQUE DE CAXIAS,NOVA CAMPINAS
21476954000145,1511.79,MERCADO MUNDIAL DE MAGE EIRELI,RJ,MAGE,PIABETA (INHOMIRIM)
3925746000102,1513.65,QUEM VEM EM MURY GAMA SUPERMERCADO LTDA.,RJ,NOVA FRIBURGO,MURY
3182724000191,1550.8400000000001,NF-E EMITIDA EM AMBIENTE DE HOMOLOGACAO - SEM VALOR FISCAL,RJ,RIO DAS OSTRAS,LIBERDADE
17347555000107,1581.0700000000002,MARCOS E MARCOS SUPERMERCADO LTDA-ME,RJ,MACAE,LAGOA
8605654000150,1590.07,OLA OFERTAS COMERCIO VAREJISTA DE ALIMENTOS LTDA,RJ,MARICA,ITAPEBA
11885963000136,1590.07,OLA OFERTAS MERCEARIA DE MARICA LTDA,RJ,MARICA,PARQUE ELDORADO
24360959000104,1642.3099999999995,CASTELO RODRIGUES ACO E MERCE EIRELI,RJ,MACAE,PQ AEROPORTO
4157214000127,1648.4099999999992,EL SHADAY MERCADO  ACOUGUE E RESTAURANTE LTDA - ME.,RJ,CABO FRIO,SAO CRISTOVAO
17216750000106,1653.73,BOM PRECO DA GUARANI LTDA ME,RJ,MAGE,INHOMIRIM ( PIABETA )
28769373000140,1655.3900000000003,DELICIAS CANDY ATACADISTA DE ALIMENTOS EIRELI,RJ,MARICA,INOA
22753943000128,1661.4099999999994,MV MERCEARIA E CONFEITARIA LTDA - ME.,RJ,BELFORD ROXO,VILA LUZ
27909336000128,1680.2300000000007,KE FRUTAS ALIMENTOS SUPERMERCADOS LTDA - ME,RJ,SAO PEDRO DA ALDEIA,CENTRO
29768702000282,1690.8299999999997,VERONE DISTRIBUIDORA LTDA - EPP,RJ,MAGE,VILA VELHA (SANTO ALEIXO)
8055326000128,1700.3700000000003,FILE DE JARDIM PRIMAVERA MERCEARIA LTDA,RJ,DUQUE DE CAXIAS,JARDIM PRIMAVERA/CAMPOS ELISEOS
26364805000108,1744.46,H PRATA DA SILVA - ME,ES,SAO MATEUS,GURIRI NORTE
31465263000108,1756.9,SUPERMERCADO PAIZANTE LTDA,ES,MANTENOPOLIS,CENTRO
68641935000190,1794.0299999999995,SACOLAO RAINHA DE HOTIFRUTIGRANJEIROS LTDA,RJ,MACAE,CENTRO
10536093000127,1828.98,CARVALHO CORREIA MERCADO E ACOUGUE LTDA,RJ,RIO DAS OSTRAS,ANCORA
11924197000171,1830.5400000000002,ACOUGUE CENTRAL DE CABUCU LTDA - ME,RJ,NOVA IGUACU,CABUCU
28891624000165,1839.9999999999998,A A DE AZEVEDO SILVEIRA COMERCIO VAREJISTA DE CARNES,RJ,QUEIMADOS,CENTRO
21916948000161,1848.6899999999998,ACOUGUE E MERCEARIA IRMAOS ALARCON LTDA,RJ,RIO DE JANEIRO,RICARDO DE ALBUQUERQUE
21380625000104,1860.4799999999996,SUPERMERCADO JAL EIRELI ME,RJ,ARARUAMA,ENGENHO VELHO
5494918000158,1874.7299999999998,MATA ATLANTICA MERCADO LTDA - EPP.,RJ,DUQUE DE CAXIAS,IMBARIE
42379339000190,1877.93,RESTAURANTE RANCHO VERDE LTDA,RJ,RIO DE JANEIRO,FREGUESIA
12803217000119,1892.4399999999996,MERCEARIA CENTRAL DO AMAPA LTDA - ME,RJ,DUQUE DE CAXIAS,AMAPA
13405890000163,1896.759999999999,THOMESKAMP HORTIFRUTI LTDA ME,RJ,CAMPOS DOS GOYTACAZES,PARUQE JOAO MARIA
16669198000130,1900.0,BS STASSI VENDAS ME,SP,ARACARIGUAMA,RONDA
7984769000130,1900.3400000000001,MERCADO HEXA E TAL COMERCIO DE ALIMENTOS LTDA ME,RJ,NITEROI,ENGENHOCA
8626481000157,1912.3599999999997,SUPERABRA REDE DISTRIBUIDORA DE ALIMENTOS LTDA - ME,RJ,CABO FRIO,UNAMAR
26301876000161,1913.6599999999999,AD BRASIL ACOUGUE LTDA - ME,RJ,NOVA IGUACU,COMENDADOR SOARES
27256168000119,1914.41,ACOUGUE MERCEARIA E ROTISSERIA SAO MIGUEL DO VILAR LTDA,RJ,SAO JOAO DE MERITI,VILAR DOS TELES
6323540000192,1927.95,SUPERMERCADO TRAJANENSE LTDA - ME,RJ,TRAJANO DE MORAIS,CENTRO
23387618000151,1928.1900000000003,TERE FRUIT HORTIFRUTIGRANJEIROS LTDA ME,RJ,TERESOPOLIS,VARZEA
19451763000187,1929.1299999999997,ARMAZEM IMPERIAL DE MANGARATIBA LTDA ME,RJ,MANGARATIBA,IBICUI
36332252000165,1938.0200000000011,AUTO SERVICO INTERNACIONAL LTDA.,ES,CARIACICA,PORTO DE SANTANA
13638717000105,1940.31,MERCADO 01 VITORIA LTDA ME.,RJ,MACAE,GRANJA DOS CAVALEIROS
10885723000179,1940.4600000000003,LUCCAS H DOS SANTOS MINIMERCADO EIRELI - EPP,RJ,NOVA FRIBURGO,NOVA SUICA
11032392000278,1946.4799999999996,LGE COMERCIO DE GENEROS ALIMENTICIOS LTDA.,RJ,NITEROI,ITAIPU
2674629000142,1976.1799999999996,MARIA JOSE PEREIRA RIBEIRO TRINDADE - ME,RJ,SAO JOAO DA BARRA,CENTRO
6267972000204,1983.75,KARAPITO DA BEIRA COMERCIO DE ALIMENTOS LTDA,RJ,RIO DE JANEIRO,IRAJA
23529918000128,1987.5999999999997,COMERCIAL DE ALIMENTOS CANAL EIRELI - ME,ES,VILA VELHA,IBES
17010487000196,2000.0,GNC INOX,SP,SAO JOSE DO RIO PRETO,M I CENTENARIO DA EMANCIPACAO
3394949000292,2008.3699999999992,NOE G DE SOUZA..,RJ,ITAOCARA,CENTRO
36305837000196,2011.2000000000005,SUPERMERCADO CELEIRO LTDA,ES,SAO MATEUS,SANTO ANTONIO
19394731000197,2057.8899999999994,JOSIVAN S DA SILVA PRODUTO ALIMENTICIOS ME.,RJ,CABO FRIO,PERO
10578244000533,2059.5899999999992,GP INDUSTRIA  SERVICOS E COMERCIO DE ALIMENTOS LTDA,RJ,SAO GONCALO,ALCANTARA
18459162000158,2077.71,LUAR SUPERMERCADO COMERCIO DE ALIMENTOS LTDA ME,RJ,CABO FRIO,AQUARIUS
15514541000105,2081.1599999999994,MERCADO RELUZ LTDA ME - ME,RJ,SAO JOAO DA BARRA,GRUSSAI
10607920000126,2095.8799999999997,SUPERMERCADO ECONOMIA LTDA.,ES,NOVA VENECIA,FILOMENA
28295152000188,2103.4600000000005,ACOUGUE CABISTA LTDA,RJ,ARRAIAL DO CABO,CENTRO
10258474000272,2113.0499999999993,SUPERMERCADO IDEAL DE SAO PEDRO LTDA ME,RJ,SAO PEDRO DA ALDEIA,CAMPO REDONDO
5146190000173,2119.919999999999,MINI MERCADO UBAPORANGA DE SAO CRISTOVAO LTDA ME,RJ,RIO DE JANEIRO,SAO CRISTOVAO
39790191000259,2121.2400000000002,AUTO SERVICO COSTA PEREIRA LTDA,ES,CARIACICA,CAMPO GRANDE
66212721000173,2122.57,ESCOBAR GOMES DE SOUZA FILHO,MG,MURIAE,BARRA
12703414000166,2127.8699999999994,DRIELLI GONCALVES PEREIRA - ME,ES,VITORIA,ROMAO
10293889000104,2129.6400000000003,SUPERMERCADO MOLINAROLI LTDA - ME,ES,CACHOEIRO DE ITAPEMIRIM,BASILEIA
17906565000135,2141.05,CLEONICE MARQUES COSTA MERCEARIA E LANCHONETE LTDA - ME,RJ,NOVA IGUACU,PARAISO
20818209000174,2193.3800000000006,SUPERMERCADO VANIA LTDA - EPP,MG,RESPLENDOR,SAO VICENTE
11032392000197,2221.64,LGE COMERCIO DE GENEROS ALIMENTICIOS LTDA EPP.,RJ,NITEROI,SAO FRANCISCO
23974342000108,2240.6199999999985,FELIX MERCADO EIRELI,RJ,MANGARATIBA,CONCEICAO DE JACAREI
12365033000114,2250.0,C.K.MAYER IMPORTACAO,RJ,ARMACAO DOS BUZIOS,CENTRO
1442299000105,2254.95,COMERCIAL DEJE LTDA - EPP.,ES,SANTA TERESA,CENTRO
26425468000200,2265.1099999999983,MGF ATACAREJO LTDA.,RJ,RIO BONITO,CENTRO
9134912000120,2269.3399999999992,SUPERMERCADO TRIUNFO DE MAGE EIRELI ME,RJ,MAGE,JARDIM SURUI
22666196000190,2281.55,MERCADO SANTIAGO EIRELI.,RJ,MAGE,GANDE
39818919000122,2304.04,BETTIN E BOA LTDA EPP.,ES,NOVA VENECIA,CENTRO
27828533000112,2305.7899999999995,WOXITON LUIZ M. SIMOES EIRELI-ME,RJ,ITAPERUNA,AEROPORTO
26421190000295,2305.9799999999987,LMP ATACAREJO - EIRELI.,RJ,MARICA,INOA
28514600000197,2306.73,A M C FELIX COMERCIO DE GENEROS ALIMENTICIOS - ME,RJ,ARARUAMA,CENTRO
18404652000157,2313.1999999999994,MOURA E MORAIS COMERCIO DE ALIMENTOS LTDA,RJ,ITABORAI,CENTRO
26421190000104,2316.8199999999983,LMP ATACAREJO - EIRELI.,RJ,SAO GONCALO,RIO DO OURO
74048224000100,2319.109999999999,MERCADO NERIAH LTDA - ME,RJ,DUQUE DE CAXIAS,VILA MARIA HELENA
28917877000160,2352.2900000000004,A C H CORRAL - MERCEARIA,RJ,NOVA FRIBURGO,SALINAS
31759699000606,2353.2400000000007,COMERCIAL DEVENS LTDA.,ES,IBIRACU,CENTRO
3394949000101,2371.3600000000006,NOE G DE SOUZA,RJ,ITAOCARA,LARANJAIS
19966010000104,2385.519999999999,JD EIRA COMERCIO E TRANSPORTE LTDA.,RJ,MANGARATIBA,EL RANCHITO
24793400000240,2386.1400000000003,VAREJO TOTAL COMERCIO DE GENEROS ALIMENTICIOS LTDA,RJ,SAO PEDRO DA ALDEIA,CENTRO
13326451000165,2446.2099999999996,NOVO MERCADO CANTELMO 2012 LTDA,RJ,ITABORAI,AMPLIACAO
7233035000110,2464.8199999999997,MARIA JOSIMARA BROETTO NUNES - EPP.,ES,FUNDAO,CENTRO
12024521000249,2467.3999999999996,SUPERMERCADO MASTER 2010 LTDA,RJ,NITEROI,FONSECA
20811236000115,2481.2700000000004,MERCADO MEGA MARKET DO RIO EIRELI - EPP,RJ,RIO DE JANEIRO,COSMOS
9483509000107,2564.839999999999,GRAN MIX MERCEARIA LTDA ME,RJ,NITEROI,BARRETO
5368841000170,2583.4300000000003,MINI MERCADO FORTALEZA DO PARAISO LTDA - EPP,RJ,NOVA IGUACU,PARAISO
29768702000100,2584.92,VERONE DISTRIBUIDORA LTDA - EPP,RJ,MAGE,ANDORINHAS (SANTO ALEIXO)
10356337000190,2611.7299999999996,MERCEARIA MAGICA DE SANTA MARIA LTDA - ME,RJ,BELFORD ROXO,SANTA MARIA
39361142000110,2627.38,COMERCIAL GIMAR LTDA,ES,VITORIA,VILA RUBIM
2910082000137,2628.519999999999,SUPERMERCADO SANGRID LTDA - ME,ES,ITAPEMIRIM,ITAIPAVA
28452026000190,2643.019999999999,MERCADO 2 AMIGOS EIRELI ME,RJ,NITEROI,ENGENHOCA
11807527000149,2663.5999999999985,ACTS MERCEARIA E PADARIA LTDA.,RJ,MACAE,BALNEARIO LAGOMAR
8878246000172,2677.34,NF-E EMITIDA EM AMBIENTE DE HOMOLOGACAO - SEM VALOR FISCAL,RJ,RIO DAS OSTRAS,ANCORA
20818209000417,2692.7300000000023,SUPERMERCADO VANIA LTDA - EPP,MG,RESPLENDOR,CENTRO
22745194000197,2701.210000000001,SUPERMERCADO SAO LOURENCO DE MURIAE LTDA,MG,MURIAE,SAFIRA
23956228000155,2737.060000000001,KOLENDA KUNXHIU E CHACON RESTAURANTE LTDA,RJ,ARMACAO DOS BUZIOS,MANGUINHOS
30330328000137,2753.3299999999995,MERCADO CENTRAL ARARIBOIA LTDA,RJ,NITEROI,FONSECA
19789326000178,2773.82,D S PIMENTA PEIXARIA - ME,RJ,NOVA FRIBURGO,CONSELHEIRO PAULINO
26579272000181,2792.860000000001,SOUZA E BARREIRA COMERCIO LTDA ME,RJ,MACAE,PARQUE AEROPORTO
23891352000180,2841.5099999999998,SMR SUPERMERCADO EIRELI,RJ,MARICA,SAO JOSE DO IMBASSAI
1841072000124,2857.8,CORNELIA CLAUDIA HENRICHS CORRAL.,RJ,NOVA FRIBURGO,SALINAS
27857730000160,2869.2099999999996,RB FRUTAS E ALIMENTOS EIRELI,RJ,RIO BONITO,CENTRO
29070498000140,2869.22,RT SOLUCOES E SERVICOS LTDA,RJ,RIO BONITO,CENTRO
13002242000166,2944.3100000000004,COMERCIAL PEREIRAO LTDA.,MG,MURIAE,DORNELAS
14803772000257,2950.950000000001,W P MERCADO E PADARIA LTDA - ME,RJ,CABO FRIO,UNAMAR (TAMOIOS)
18164044000112,2984.1399999999994,SUPER PRADO COMERCIO DE ALIMENTOS EIRELI-EPP,RJ,PETROPOLIS,CORREAS
11569109000160,3011.829999999998,SUPERMERCADO DESCONTAO LTDA,RJ,ITABORAI,AMPLIACAO
7956785000110,3038.499999999999,MENDES DE ITAUNA COMERCIO DE ALIMENTOS LTDA,RJ,SAO GONCALO,ITAUNA
18750973000103,3081.520000000001,SUPERMERCADO PESSIN LTDA - ME.,ES,SAO GABRIEL DA PALHA,CENTRO
22777133000101,3105.4100000000003,A.D.BRASIL MINIMERCADO LTDA - ME,RJ,JAPERI,NOVA BELEM
17236817000166,3108.7199999999993,KALU SHOW GRILL COMERCIO DE CARNES E VARIEDADES EIRELI - ME,ES,SERRA,JARDIM ATLANTICO
27603931000130,3127.5500000000015,MERCADO DE TRAILERS DO PORTO DO ROSA LTDA - ME,RJ,SAO GONCALO,BOACU
68726017000164,3148.5399999999995,ITALMENARA COMERCIO DE CEREAIS LTDA,RJ,ITAPERUNA,PRES. COSTA E SILVA
27764313000172,3150.57,BAZAR TEM TUDO DO ITARARE EIRELI,RJ,RIO DE JANEIRO,RAMOS
28314669000177,3181.51,MERCADO CARIOQUEIRO EIRELI,RJ,CABO FRIO,AQUARIUS (TAMOIOS)
24687732000160,3200.2299999999987,MORENO E MONTEIRO MERCEARIA E PANIFICACAO LTDA - ME,RJ,RIO DAS OSTRAS,RECREIO
27010495000196,3269.8900000000003,MERCEARIA SERNOR DE ANCHIETA LTDA,RJ,RIO DE JANEIRO,ANCHIETA
14595187000128,3287.2299999999996,MERCEARIA BELA VISTA DE XEREM LTDA ME,RJ,DUQUE DE CAXIAS,XEREM
8242628000105,3309.7999999999997,M. ANTONIO SARAIVA-MERCEARIA E ACOUGUE LTDA,RJ,NOVA FRIBURGO,VARGINHA
35833649000178,3370.680000000001,MJV OLIVEIRA MERCEARIA E ABATEDOURO ME.,RJ,MACAE,AEROPORTO
29768702000525,3388.709999999999,VERONE DISTRIBUIDORA LTDA - EPP,RJ,GUAPIMIRIM,PARADA MODELO
11086038000145,3425.21,J DOS CHAGAS SILVA CEREAIS,RJ,SAO JOAO DA BARRA,PARQUE DAS FIGUEIRAS
13396399000113,3430.0,EMPORIUM IMPORTADORA E DIST DE ALIMENTOS LTDA,SP,ITAPECERICA DA SERRA,VILA GENI
10438370000592,3444.7799999999997,COMPRE MAIS AUTO SERVICO LTDA,RJ,NITEROI,MARAVISTA ITAIPU
10438370000320,3444.7799999999997,COMPRE MAIS AUTO SERVICO LTDA,RJ,SAO GONCALO,MIRIAMBI - RAUL VEIGA
10438370000673,3444.7799999999997,COMPRE MAIS AUTO SERVICO LTDA,RJ,NITEROI,SAPE
10438370001211,3444.7799999999997,COMPRE MAIS AUTO SERVICO LTDA,RJ,SAO GONCALO,VISTA ALEGRE
10438370000754,3444.7799999999997,COMPRE MAIS AUTO SERVICO LTDA,RJ,SAO GONCALO,SANTA LUZIA
10438370000169,3444.7799999999997,COMPRE MAIS AUTO SERVICO LTDA,RJ,SAO GONCALO,LARANJAL
10438370001130,3444.78,COMPRE MAIS AUTO SERVICO LTDA,RJ,ITABORAI,ITABORAI
10438370000240,3444.78,COMPRE MAIS AUTO SERVICO LTDA,RJ,ITABORAI,CENTRO
10438370000401,3444.78,COMPRE MAIS AUTO SERVICO LTDA,RJ,ITABORAI,JARDIM FLORESTA MANILHA
10438370000916,3444.78,COMPRE MAIS AUTO SERVICO LTDA,RJ,SAO GONCALO,VISTA ALEGRE
25079466000155,3473.540000000001,SUPERMERCADO QUALI PRECO DA MADRESSILVA EIRELI,RJ,SAQUAREMA,BACAXA
8450282000483,3521.19,DISTRIBUIDORA DE PRODUTOS ASA BRANCA LTDA.,RJ,GUAPIMIRIM,CENTRO
10438370001050,3528.379999999999,COMPRE MAIS AUTO SERVICO LTDA,RJ,ARARUAMA,CENTRO
5584565000187,3531.57,MERCEARIA E BAZAR ROCHA DE XEREM LTDA - ME.,RJ,DUQUE DE CAXIAS,XEREM
16554104000269,3533.9900000000002,MERCADO GUTI LTDA - ME,RJ,TERESOPOLIS,BONSUCESSO
29549995000126,3543.6700000000005,COMERCIAL PREFERIDO LTDA,RJ,TANGUA,CENTRO
12865202000185,3543.89,C N G COMERCIO VAREJISTA DE PROD ALIM LTDA,RJ,ARMACAO DOS BUZIOS,SEM BRACAS
4580896000186,3604.12,KIST E SILVA COMERCIO LTDA,RJ,ARRAIAL DO CABO,FIGUEIRA
30118426000105,3604.8300000000004,MERCEARIA LONGOS VALES LTDA.,RJ,NITEROI,BARRETO
18374709000201,3702.4699999999993,SOLAR SUPERMERCADO COMERCIO DE ALIMENTOS LTDA - ME,RJ,CABO FRIO,AQUARIUS (TAMOIOS)
26597455000120,3707.340000000001,HORTIFRUTI SACOLAO ASA LTDA ME,RJ,MACAE,PARQUE AEROPORTO
29768702000444,3714.18,VERONE DISTRIBUIDORA LTDA - EPP,RJ,GUAPIMIRIM,PAIOL
26425468000383,3733.4399999999996,MGF ATACAREJO LTDA,RJ,ITABORAI,CENTRO
14568548000732,3776.7299999999996,CLASSICO COMERCIO DE ALIMENTOS LTDA,RJ,ARMACAO DOS BUZIOS,RASA
8912225000126,3808.239999999999,DOIS B HZM COMERCIO DE ALIMENTOS LTDA ME,RJ,SAQUAREMA,PORTO DA ROCA
26434777000158,3837.2999999999984,TUTY BONY COMERCIO DE PRODUTOS ALIMENTICIOS LTDA - EPP,RJ,ITABORAI,OUTEIRO DAS PEDRAS
28534402000357,3862.6400000000003,COMECIAL CEREAIS PRETTI LTDA.,ES,COLATINA,SAO SILVANO
22807060000153,3866.91,C O L RIO MERCADO EIRELI.,RJ,ITABORAI,NOVA CIDADE
15285120000150,3867.4199999999996,FRUTALHA DA TAQUARA COMERCIO DE FRUTAS LEGUMES LTDA.,RJ,RIO DE JANEIRO,TAQUARA
16417036000105,3907.959999999999,MERCEARIA BOAS COMPRAS DA CDD EIRELI ME,RJ,RIO DE JANEIRO,CIDADE DE DEUS
36305837000358,4036.7200000000007,SUPERMERCADO CELEIRO LTDA.,ES,SAO MATEUS,GURIRI
27883929000162,4040.0099999999993,S M CARVALHO MINI MERCADO BOM GOSTO EIRELI - ME,RJ,SAO GONCALO,ARSENAL
27456707000163,4043.5199999999986,J. A. DE OLIVEIRA PRODUTOS ALIMENTICIOS - ME,RJ,CAMPOS DOS GOYTACAZES,DONANA
17190802000104,4060.3699999999994,COMERCIAL MEDEIROS LTDA - ME,MG,RESPLENDOR,NOSSA SENHORA DE FATIMA
23571715000108,4146.6500000000015,C & R SUPERMERCADO ITABORAI LTDA EPP,RJ,ITABORAI,CENTRO
10914837000108,4188.179999999999,SUPERMERCADO PIO BORGES LTDA.,RJ,SAO GONCALO,PITA
12148067000157,4297.6,MERCADO PADRAO NOVA PARADA LTDA.,RJ,DUQUE DE CAXIAS,PARADA ANGELICA
23858485000154,4328.690000000002,EP MIX SUPERMERCADO EIRELI,RJ,SAO GONCALO,ENGENHO PEQUENO
12899412000194,4347.96,ORIENTE COMERCIO DE GENEROS ALIMENTICIOS EIRELI,RJ,ARARUAMA,AREAL
5229674000186,4353.8200000000015,MERCADO SUPREMO DE SAO MIGUEL LTDA,RJ,BOM JARDIM,SAO MIGUEL
73237570000173,4417.429999999999,J D MINI MERCADO CAMORIM LTDA,RJ,ANGRA DOS REIS,CAMORIM GRANDE
17437030000162,4419.780000000002,E M W ACOUGUE LTDA - ME,RJ,NOVA IGUACU,CABUCU
21431906000130,4451.4,THURLER E COSTA - COMERCIO DE GENEROS ALIMENTICIOS LTDA - ME,RJ,SANTA MARIA MADALENA,PARQUE ITAPORANGA
13107698000190,4465.3,RECREIO RIO DISTRIBUIDORA DE ALIMENTOS LTDA,RJ,RIO DE JANEIRO,IRAJA
6790215000130,4500.960000000002,PINHEIRO BRANCO MOTA DISTRIBUIDORA DE ALIMENTOS,RJ,MACAE,COSTA DO SOL
8882705000191,4503.719999999999,EMERG S GONCALO COM DIST GEN ALIM LTDA,RJ,SAO GONCALO,COLUBANDE
31759699000363,4533.709999999997,COMERCIAL DEVENS LTDA.,ES,ARACRUZ,CENTRO
20467389000197,4599.77,AR COMERCIO DE PRODUTOS ALIMENTICIOS LTDA,RJ,ITAOCARA,JAGUAREMBE
2833741000189,4604.209999999998,ZUIL DE NITEROI COMERCIO E DISTRIBUIDORA LTDA - ME,RJ,SAO GONCALO,COLUBANDE
27833615001631,4609.050000000001,PRINCESA AUTO SERVICO DE COMESTIVEIS LTDA,RJ,MARICA,CENTRO
25154767000104,4631.850000000002,SUPERMERCADO PHENIX DE PONTA NEGRA EIRELI,RJ,MARICA,GUARAPINA
31503576000286,4655.760000000002,B PEREIRA SILVA E SANTOS - COM DE PROD ALIM LTDA,RJ,SAO FIDELIS,VILA COROADOS
20467389000278,4681.710000000001,AR COMERCIO DE PRODUTOS ALIMENTICIOS LTDA.,RJ,ITAOCARA,CAXIAS
19184291000143,4794.860000000003,MERCADO RENASCER DA CARVALHO RAMOS LTDA,RJ,RIO DE JANEIRO,INHOAIBA/ CAMPO GRANDE
6953093000155,4819.010000000002,M L M COMERCIO DE GENEROS ALIMENTICIOS LTDA,RJ,SAQUAREMA,BACAXA
16782151000189,4852.669999999999,SPR COM DE PRODUTOS ALIMENTICIOS EIRELI,RJ,NOVA FRIBURGO,PERISSE
19347801000156,4864.090000000004,SUPERMIX ATACADISTA E VAREJISTA DE GENEROS ALIMENTICIOS LTDA,RJ,MARICA,ITAPEBA
7612579000273,4890.0,JTC DISTRIBUIDORA LTDA,SP,SAO PAULO,BRAS
12024521000168,4946.809999999999,SUPERMERCADO MASTER 2010 LTDA,RJ,SAO GONCALO,SANTA LUZIA
39690284000120,4993.86,KATIA BACELLAR OLIVE MARINS ME,RJ,MACAE,AROEIRA
4056522000166,5036.049999999997,JADERSON DE OLIVEIRA GONCALVES - ME,RJ,SAO JOAO DA BARRA,ATAFONA
12593698000185,5100.449999999999,S R 7 MINIMERCADO LTDA - ME,RJ,MARICA,CORDEIRINHO (PONTA NEGRA)
15655279000119,5178.3099999999995,UNIDOS GB PRODUTOS ALIMENTICIOS LTDA,RJ,SAO GONCALO,GALO BRANCO
13673828000152,5191.809999999998,SUPERMERCADO MASTER 2011 LTDA,RJ,SAO GONCALO,MUTUA
14326580000116,5225.79,NF-E EMITIDA EM AMBIENTE DE HOMOLOGACAO - SEM VALOR FISCAL,RJ,TERESOPOLIS,VARGEM GRANDE
32058729000105,5233.039999999999,MINI MERCADO ESPERANCA DO VILLAGE LTDA ME,RJ,ANGRA DOS REIS,JACUECANGA
24793400000160,5235.960000000002,VAREJO TOTAL COMERCIO DE GENEROS ALIMENTICIOS LTDA,RJ,ARARUAMA,VILA CAPRI
10578244000290,5278.929999999999,GP INDUSTRIA  SERVICOS E COMERCIO DE ALIMENTOS LTDA,RJ,SAO GONCALO,ALCANTARA
25278609000158,5290.66,HORTIFRUTI NOVA SAFRA DE SAO GONCALO EIRELI - ME,RJ,SAO GONCALO,CENTRO
11391329000147,5291.19,AMIGOS DE TANGUA MINIMERCADO LTDA,RJ,TANGUA,CENTRO
5131337000151,5345.179999999997,MERCADO BELEM DE TERESOPOLIS LTDA.,RJ,TERESOPOLIS,MEUDON
13115975000107,5409.189999999999,C & R SUPERMERCADO SAMPAIO CORREA LTDA - ME,RJ,SAQUAREMA,SAMPAIO CORREA
7253907000101,5456.299999999997,MERCEARIA VIMARKET LTDA,RJ,MARICA,ITAIPUACU
23105401000101,5507.229999999998,SUPERMERCADO MASTER 2015 LTDA,RJ,NITEROI,BARRETO
12434859000350,5585.739999999997,DISTRIBUIDORA DE ALIMENTOS QUEIROZ LTDA,RJ,CABO FRIO,SAO CRISTOVAO
10578244000371,5616.949999999997,GP INDUSTRIA  SERVICOS E COMERCIO DE ALIMENTOS LTDA,RJ,SAO GONCALO,BARRO VERMELHO
13445418000154,5631.329999999998,SUPERMERCADO SAO SEBASTIAO DE PORCIUNCULA LTDA.,RJ,PORCIUNCULA,CENTRO
39245592000147,5647.22,ARARA DE ARARUAMA COMERCIO DE GENEROS ALIMENTICIOS LTDA,RJ,ARARUAMA,CENTRO
28044530000150,5706.03,974 DA LOBO MERCADO EIRELI - ME,RJ,RIO DE JANEIRO,PENHA CIRCULAR
25311480000132,5711.710000000001,CONTROLE COMERCIO DE ALIMENTOS LTDA,RJ,RIO DAS OSTRAS,CIDADE PRAIANA
2549492000102,5727.000000000004,FERRARI COMERCIO DE ALIMENTOS LTDA - ME.,ES,COLATINA,COLUMBIA
17465134000180,5749.45,PLUS CARNES ALIMENTOS LTDA,RJ,SAO GONCALO,PARAISO
5164703000500,5783.27,BAZAR ECCARD DE SOUZA LTDA,RJ,SAO JOSE DE UBA,CENTRO
27285030000148,5796.070000000001,MARIA JOSE MAIN LUCAS.,ES,COLATINA,CENTRO
12769662000100,5822.09,DISTRIBUIDORA E COMERCIO DE FRIOS CABO FRIO TROPICAL LTDA,RJ,CABO FRIO,SAO CRISTOVAO
3807466000191,5831.680000000001,AUTO SERVICO NACIONAL LTDA.,ES,CARIACICA,SANTANA
18672533000185,5900.929999999999,UNIDOS DE ITAUNA PRODUTOS ALIMENTICIOS LTDA,RJ,SAO GONCALO,ITAUNA
19964194000173,5979.5,COMERCIO DE CARNES E DERIVADOS JCA LTDA.,RJ,ITAGUAI,CENTRO
24341188000108,6026.92,SOBERANA DISTRIBUIDORA DE PRODUTOS ALIMENTICIOS LTDA.,RJ,SAO GONCALO,MUTONDO
9622180000118,6103.860000000002,KINKAS COMERCIO VAREJISTA LTDA.,ES,ARACRUZ,VILA NOVA
7359966000169,6141.0099999999975,SO OFERTAS SUPERMERCADO LTDA,RJ,MACAE,CENTRO
2084223000100,6173.720000000001,SO OFERTAS COMERCIO DE GENEROS ALIMENTICIOS LTDA,RJ,CABO FRIO,CENTRO
3572400000321,6176.209999999999,VITORIA REGIA ALIMENTOS LTDA,RJ,RIO DAS OSTRAS,PARQUE ZABULAO
25115579000169,6204.239999999997,MCS DISTRIBUIDORA DE PRODUTOS ALIMENTICIOS EIRELI - ME,RJ,SAO GONCALO,COLUBANDE
8343578000152,6238.040000000003,LUMIAR DE CAMPOS COMERCIAL DE ALIMENTOS LTDA - ME,RJ,CAMPOS DOS GOYTACAZES,PARQUE ELDORADO
381613000116,6249.46,JOAQUIM GRECHI ME.,ES,NOVA VENECIA,RUBIA
1829249000177,6282.38,CEREAIS MARREQUINHO DE NOVA CAMPINAS LTDA.,RJ,DUQUE DE CAXIAS,NOVA CAMPINAS
20402775000109,6292.720000000001,A V S DE ITABORAI MERCEARIA EIRELI - ME.,RJ,ITABORAI,JOAO CAETANO (ITAMBI)
31466253000189,6389.140000000001,AUTO SERVICO IDEAL LTDA.,ES,FUNDAO,CENTRO
11857211000161,6558.360000000003,HORTI FRUTIX JARDIM CAMBURI EIRELI - ME,ES,VITORIA,JARDIM CAMBURI
11062927000172,6574.919999999998,M.M.& FILHOS COMERCIO DE PRODUTOS ALIMENTICIOS LTDA.,RJ,NITEROI,SANTA ROSA
4371905000129,6596.170000000005,COMERCIAL JOAO LUIZ FRIZZERA LTDA,MG,AIMORES,CENTRO
7539322000233,6616.21,GREEN FRUIT NOVO MILENIO HORTIFRUTIGRANJEIROS LTDA,RJ,TERESOPOLIS,VARZEA
40404683000167,6623.819999999998,MINI MERCADO EBENEZES LTDA ME,RJ,RIO BONITO,BOA ESPERANCA
1006952000185,6641.139999999995,MERCADINHO LEICAR LTDA,RJ,ITABORAI,RIO VARZEA
8450282000726,6671.980000000001,DISTRIBUIDORA DE PRODUTOS ASA BRANCA LTDA,RJ,ARARUAMA,CENTRO
17386414000101,6750.389999999998,JM LISAMAR SUPERMERCADO LTDA,RJ,MANGARATIBA,CONCEICAO DE JACAREI
7070684000147,6857.11,LEPAGUS COMERCIO DE CEREAIS LTDA.,MG,MURIAE,PORTO
27471387000110,6985.999999999997,ACOUGUE VITORIA PRIME PRODUTOS ALIMENTICIOS LTDA,RJ,SAO JOAO DE MERITI,CENTRO
14234958000151,7010.250000000001,CITY CARNES MERCEARIA E LANCHONETE LTDA - ME,RJ,MAGE,PIABETA
7384953000140,7033.550000000001,PORTAL DO EDEN COMERCIAL ALIM LTDA,RJ,RIO DE JANEIRO,IRAJA
11447841000168,7231.130000000003,OK GENEROS ALIMENTICIOS LTDA.,RJ,SAO GONCALO,CAMARAO
8995681000187,7307.009999999998,ALS DE INOA MERCEARIA LTDA,RJ,MARICA,INOA
5426493000140,7374.9400000000005,POLICO COMERCIAL DE ALIMENTOS LTDA,SP,SAO PAULO,VILA BUTANTA
20432939000132,7435.869999999995,TOPAZIO ALIMENTOS LTDA ME.,RJ,ARMACAO DOS BUZIOS,CENTRO
22918167000411,7465.320000000001,UNIDOS SUPERMERCADOS LTDA.,RJ,SAO GONCALO,GALO BRANCO
3176931000133,7705.3399999999965,NAHIDE MERCEARIA LTDA,RJ,BELFORD ROXO,VIA PAULINA
2898691000118,7840.89,SUPERMERCADO OLIVEIRA LTDA ME,RJ,APERIBE,CENTRO
27050947000597,7978.699999999996,SUPERMERCADO ECONOMICO DE CABO FRIO LTDA,RJ,ARMACAO DOS BUZIOS,CENTRO
4007859000183,8000.0,WS DA SILVA PLASTICOS EIRELI,SP,BARUERI,CHACARA MARCO
13720747000166,8018.850000000003,MINI MERCADO SOFIA E JULIA LTDA.,RJ,SAO GONCALO,VILA CANDOZA
22918167000500,8109.379999999999,UNIDOS SUPERMERCADOS LTDA.-,RJ,SAO GONCALO,BOA VISTA
27350851000110,8136.269999999993,LIMA E TRIGUEIRO COMERCIAL LTDA - ME,RJ,RIO DAS OSTRAS,COSTAZUL
7970113000169,8166.229999999999,SO OFERTAS BUZIOS SUPERMERCADOS LTDA,RJ,ARMACAO DOS BUZIOS,MANGUINHOS
11820069000188,8173.649999999999,J PINTO COMERCIO DE ALIMENTOS LTDA,RJ,NOVA FRIBURGO,SAO GERALDO
19190781000152,8189.769999999995,AUTO SERVICO BORGES CAPIXABA LTDA,ES,BOM JESUS DO NORTE,SAO SEBASTIAO
5490561000130,8210.170000000004,M A J COMERCIO DE GENEROS ALIMENTICIOS LTDA,RJ,SAO PEDRO DA ALDEIA,CENTRO
36472215000152,8349.840000000004,ACOUGUE E MERCEARIA UNIAO DE MESQUITA LTDA - ME,RJ,MESQUITA,SANTA TEREZINHA
28070379000125,8402.900000000005,GRM - MINIMERCADO DAS CARNES - EIRELI,RJ,SAO GONCALO,AMENDOEIRA
22597158000123,8455.879999999997,CITY CARNES SANTA CRUZ DA SERRA MERCEARIA E LANCHONETE LTDA.,RJ,DUQUE DE CAXIAS,VILA SANTA CRUZ
10575417000136,8589.070000000002,SUPERMERCADO LUCAS FORTE LTDA ME,RJ,ANGRA DOS REIS,VILLAGE
25154767000287,8676.970000000001,SUPERMERCADO PHENIX DE PONTA NEGRA EIRELI - EPP,RJ,MARICA,ARACATIBA
10598245000116,8679.22,MEGA BARRA SUPERMERCADOS LTDA - ME,MG,MURIAE,BARRA
17712968000143,8790.819999999996,ITAUNA COMERCIO DE CARNES LTDA,RJ,SAO GONCALO,PARAISO
36398790000152,8852.890000000001,SUPERMERCADO DE NADAI LTDA.,ES,SAO GABRIEL DA PALHA,CENTRO
8681707000112,8859.61,MINI MERCADO TRADICAO DA PAULISTA LTDA ME.,RJ,DUQUE DE CAXIAS,PARQUE PAULISTA
17814749000175,8919.020000000004,SUPER MASTER LANCHONETE E MERCEARIA EIRELI - ME,RJ,SAO JOAO DA BARRA,CENTRO
21786968000165,8991.829999999998,MERCADO POPULAR DO JARDIM ANHANGA EIRELI,RJ,DUQUE DE CAXIAS,JARDIM ANHANGA
5901292000157,9030.590000000002,UNICAM DE CAMBUCI GENEROS ALIMENTICIOS LTDA ME,RJ,CAMBUCI,FLORESTA
36570216000130,9159.540000000003,SUPERMERCADO BETO CEREAIS DE VARRE - SAI LTDA,RJ,VARRE-SAI,CENTRO
834279000109,9239.939999999997,SUPERMERCADOS TIO DONGO LTDA EPP,RJ,NOVA FRIBURGO,CONSELHEIRO PAULINO
13390177000193,9353.33999999999,A A M T MERCADO PESSEGUEIROS LTDA ME.,RJ,TERESOPOLIS,PESSEGUEIROS
12949057000110,9362.079999999998,MIRIAM PAES DOS SANTOS-ME,RJ,SAO FRANCISCO DE ITABAPOANA,CENTRO
8455029000170,9366.840000000011,COSTA COMPACTO COMERCIO DE PRODUTOS ALIMENTICIOS LTDA - EPP,RJ,MACAE,CENTRO
814123000166,9583.199999999999,FERSANPLASTI COMERCIO DE EMBALAGENS LTDA,RJ,ANGRA DOS REIS,CENTRO
4129887000173,9691.669999999995,N G A MERCADO LTDA - EPP.,RJ,CABO FRIO,JARDIM ESPERANCA
13326139000171,9729.560000000001,MERCEARIA NOVA ITABORAI LTDA,RJ,ITABORAI,AMPLIACAO
27833615001550,9803.439999999999,PRINCESA AUTO SERVICO DE COMESTIVEIS LTDA,RJ,MARICA,CENTRO
834279000290,9947.07,SUPERMERCADOS TIO DONGO LTDA EPP,RJ,NOVA FRIBURGO,CONSELHEIRO PAULINO
11699310000162,10139.939999999995,BOM DEPOSITO MERCADO LTDA - EPP,RJ,SAO GONCALO,ARSENAL
15541880000180,10154.500000000005,MERCEARIA 5 ESTRELAS LTDA - EPP,RJ,SAO GONCALO,JARDIM CATARINA
22918167000250,10427.580000000004,UNIDOS SUPERMERCADOS LTDA ,RJ,SAO GONCALO,ITAUNA
31970429000135,10569.450000000008,MERCEARIA DO SASSARICO LTDA - ME,RJ,NOVA IGUACU,ANDRADE DE ARAUJO
2616090000175,10663.820000000007,MAX ONE SUPERMERCADO LTDA,RJ,CABO FRIO,JACARE
28581627000100,10788.34,SUPERMERCADO PEPAO LTDA.,RJ,SAO GONCALO,COLUBANDE
22918167000683,10932.140000000005,UNIDOS SUPERMERCADOS LTDA,RJ,SAO GONCALO,BOACU
15246756000192,10963.599999999997,LOBO CEREALISTA LTDA - EPP,RJ,SAO GONCALO,COLUBANDE
16554104000188,10974.330000000002,MERCADO GUTI LTDA ME.,RJ,TERESOPOLIS,SAO PEDRO
22918167000179,10993.16,UNIDOS SUPERMERCADOS LTDA;,RJ,SAO GONCALO,ITAUNA
3479374000120,11056.26000000001,JEOVANI COMERCIO DE GENEROS ALIMENTICIOS LTDA,RJ,RIO DAS OSTRAS,JARDIM CAMPOMAR
15872124000134,11271.640000000007,K. R. M. SOBRINHO COMERCIO EIRELI,RJ,CAMPOS DOS GOYTACAZES,CUSTODOPOLIS
11876791000134,11378.520000000008,MERCADO JK MACHADO LTDA,RJ,SAO GONCALO,JARDIM CATARINA
19863306000108,11395.189999999999,MINI MERCADO MOTIVA LTDA - EPP,RJ,MACAE,VISCONDE DE ARAUJO
26414785000132,11716.299999999997,E R GOMES E MENDES MERCEARIA LTDA.,RJ,RIO DAS OSTRAS,JARDIM MARILEA
3572400000240,11833.439999999999,VITORIA REGIA ALIMENTOS LTDA,RJ,RIO DAS OSTRAS,VILLAGE RIO DAS OSTRAS
6953093000236,11863.090000000015,M J M COMERCIO DE GENEROS ALIMENTICIOS LTDA,RJ,ARARUAMA,VILA CAPRI
803210000118,11911.609999999991,MARCELAO INDUSTRIA E COMERCIO DE CEREAIS LTDA,RJ,CASIMIRO DE ABREU,CENTRO
16787097000164,11915.510000000015,V.S.F. MERCADO DE VILA DE CAVA EIRELI - ME,RJ,NOVA IGUACU,ENGENHEIRO ROCHA FREIRE
26494046000106,11991.449999999992,AURA MERCEARIA EIRELI - ME,RJ,MAGE,PICO (SANTO ALEIXO)
1448324000150,12351.620000000008,M J COMERCIO DE GENEROS ALIMENTICIOS LTDA,RJ,ARRAIAL DO CABO,CENTRO
39621479000208,12374.580000000004,DOIS AMIGOS ATACADO E VAREJO LTDA.,ES,COLATINA,SAO SILVANO
8689466000158,12492.970000000005,M F M BARROS GENEROS ALIMENTICIOS,RJ,CABO FRIO,JARDIM ESPERANCA
9722020000140,12499.499999999995,WOXITON LUIZ MELO SIMOES,RJ,MACAE,BARRA DE MACAE
3494756000122,12516.110000000002,VIEIRA E CUNHA LTDA ME.,RJ,SAO GONCALO,CENTRO
5234808000157,12588.05000000001,IGUABA COMERCIO DE GENEROS ALIMENTICIOS LTDA,RJ,IGUABA GRANDE,CENTRO
7539322000152,12594.92,GREEN FRUIT NOVO MILENIO HORTIFRUTIGRANJEIROS LTDA,RJ,CABO FRIO,PARQUE RIVIERA
32018491000194,12696.910000000002,ALIMINAS ALIMENTACAO INDUSTRIAL LTDA,RJ,MACAE,NOVO CAVALEIROS
4795044000106,12820.140000000005,SORETO MERCEARIA LTDA,RJ,CAMPOS DOS GOYTACAZES,PARQUE ALVORADA
10393316000144,12976.050000000007,ABREU SUPERMERCADO LTDA,RJ,CAMPOS DOS GOYTACAZES,IPS
4904985000211,13182.699999999999,F C ALVARENGA PRODUTOS ALIMENTICIOS LTDA,RJ,SAO FIDELIS,JONAS ALMEIDA SILVA
5486954000170,13269.600000000006,LE MARCHE ALIMENTOS LTDA,RJ,CABO FRIO,JARDIM ESPERANCA
32336794001399,13514.44,SUPERMERCADO FLUMINENSE DE ITAPERUNA LTDA,RJ,SAO FIDELIS,SAO VICENTE DE PAULO
26770002000153,13744.990000000009,MERCADO NV GUIMARAES LTDA - EPP,RJ,CABO FRIO,SAO CRISTOVAO
8343578000233,13748.049999999996,LUMIAR DE CAMPOS COMERCIAL DE ALIMENTOS LTDA,RJ,CAMPOS DOS GOYTACAZES,PARQUE LEBRET
13967018000109,13788.980000000012,RANGEL COMERCIO ATACADISTA DE GENEROS ALIMENTICIOS LTDA.,RJ,SAO GONCALO,MUTONDO
3017244000175,14186.350000000017,RIO MAR DE ITAGUAI COMERCIO DE PRODUTOS ALIMENTICIOS LTDA,RJ,ITAGUAI,BAIRRO DO ENGENHO
3572400000160,14313.47999999999,VITORIA REGIA ALIMENTOS LTDA.-,RJ,RIO DAS OSTRAS,CIDADE BEIRA MAR
4055101000110,14357.850000000004,NVS ALIMENTOS LTDA,RJ,SAO PEDRO DA ALDEIA,CENTRO
8656302000124,14358.340000000004,BIG FILD ALIMENTOS LTDA,RJ,CABO FRIO,JARDIM ESPERANCA
175479000105,14429.170000000002,MERCEARIA ECONOMICA W J LTDA,RJ,SAO GONCALO,JARDIM CATARINA
2165530000115,14447.250000000002,R P COMERCIO VAREJISTA LTDA - ME,PA,PARAUAPEBAS,CIDADE NOVA
3489753000109,14571.690000000015,SALVADOR ANTONIO GUAITOLINI.,ES,COLATINA,MARIA DAS GRACAS
15315283000138,14730.990000000003,HORTI FRUTI ZONA OESTE LTDA ME,RJ,RIO DE JANEIRO,CAMPO GRANDE
8666702000110,14764.219999999998,SAKA COMERCIO DE ALIMENTOS E SUPERMERCADOS LTDA,RJ,SAQUAREMA,BACAXA
4974643000197,14812.680000000008,TINOCO E MENDONCA AUTO SERVICO LTDA ME.,RJ,RIO BONITO,CENTRO
22773132000199,14973.930000000013,W BORGES DE AGUIAR MERCADO GARIBALDE,RJ,NITEROI,CARAMUJO
14568548000228,15632.179999999998,CLASSICOS COMERCIO DE ALIMENTOS LTDA,RJ,RIO DAS OSTRAS,NOVO RIO DAS OSTRAS
27050947000678,15709.779999999999,SUPERMERCADO ECONOMICO DE CABO FRIO LTDA,RJ,ARARUAMA,VILA CAPRI
27050947000163,15769.890000000005,SUPERMERCADO ECONOMICO DE CABO FRIO LTDA,RJ,CABO FRIO,CENTRO
28882587000129,15921.090000000002,MERCEARIA VIDAL LTDA.,RJ,CACHOEIRAS DE MACACU,JAPUIBA
19426440000133,16142.709999999992,R SILVA MINIMERCADO EIRELLI,RJ,ARMACAO DOS BUZIOS,RASA
26164948000176,16218.030000000004,BARCELLOS E SANTOS COMERCIO DE PRODUTOS ALIMENTICIO EIRELI,RJ,ARRAIAL DO CABO,FIGUEIRA
32336794000821,16228.140000000009,SUPERMERCADO FLUMINENSE DE ITAPERUNA LTDA.-,RJ,ITAPERUNA,CIDADE NOVA
22918167000330,16317.620000000012,UNIDOS SUPERMERCADOS LTDA..,RJ,SAO GONCALO,ITAUNA
19036019000116,16513.880000000016,SUPERMERCADO FRAUCHES LTDA,RJ,MARICA,ARACATIBA
12526735000132,16539.18000000002,SUBLIMIS SUPERMERCADO LTDA.,RJ,MARICA,SAO JOSE DE IMBASSAI
9567039000160,16707.60000000002,MERCADO IDEAL DE JACAREI LTDA ME,RJ,MANGARATIBA,CONCEICAO DE JACAREI
5273676000415,17250.750000000025,RJ -REDE QUALLY DE HORTIFRUT LTDA,RJ,RIO DE JANEIRO,TIJUCA
22469760000185,17252.25000000002,CELEIRO COMERCIO ATACADISTA E VAREJISTA LTDA.,RJ,SAO GONCALO,TRIBOBO
8689466000239,17343.320000000018,CASA BARROS ALIMENTOS EIRELI,RJ,CABO FRIO,JARDIM ESPERANCA
17516042000182,17468.940000000006,MINI MERCADO BOA SORTE DE JACONE LTDA-ME,RJ,SAQUAREMA,JACONE
28076453000110,17533.400000000012,MERCADO PLANALTO DO BOM PASTOR LTDA ME - ME,RJ,BELFORD ROXO,BOM PASTOR
6978188000123,17538.060000000012,VENTOS ALISIOS ALIMENTOS LTDA,RJ,SAO PEDRO DA ALDEIA,ESTACAO
30245542000195,17601.550000000003,FRIGORIFICO BEIJA FLOR COM ATAC E VAR DE PROD ALIM LTDA EPP,RJ,ITAGUAI,CENTRO
20216760000148,17697.809999999987,MERCADO BOM PRECO DO SAO VITOR LTDA ME,RJ,RIO DE JANEIRO,SANTISSIMO
8202709000181,17722.269999999997,J P R COUTINHO MERCEARIA LTDA ME,RJ,ITAPERUNA,CENTRO
11161299000182,17793.9,UNIDOS 1972 PRODUTOS ALIMENTICIOS LTDA,RJ,SAO GONCALO,BOACU
7414757000170,17881.399999999994,MERCEARIA FERNANDES DE RIO DAS OSTRAS LTDA,RJ,RIO DAS OSTRAS,CIDADE PRAIANA
17290317000102,17959.479999999996,VANCRIS COMERCIO ATACADISTA LTDA - ME.,RJ,SAO GONCALO,TRIBOBO
3542276000190,18243.63999999998,CELMAPEL COMERCIO DE EMBALAGENS LTDA ME,RJ,ARARUAMA,CENTRO
7715453000224,18285.729999999996,ELIONALDO DO GOULART DAS NEVES EPP,ES,SERRA,NOVA ALMEIDA CENTRO
5898316000166,18343.210000000003,COMERCIAL NIVEM LTDA ME.,ES,COLATINA,HONORARIO
17875310000152,18467.41999999999,MERCADO NOROESTE EIRELI.,RJ,SAO GONCALO,BOACU
29215555000132,18827.270000000026,GERALDO AQUILES OUVERNEY,RJ,NOVA FRIBURGO,LUMIAR
10481246000186,18876.540000000008,BLACK GOLD ALIMENTOS LTDA.,RJ,MACAE,ALTO CAJUEIRO
7779025000184,19197.170000000013,P G H BRAGA MERCEARIA,RJ,TERESOPOLIS,BONSUCESSO
16559614000229,19279.719999999998,SOBERANO INDUSTRIA E COMERCIO DE ALIMENTOS LTDA,RJ,SAO GONCALO,MUTUA
18183953000106,19418.040000000026,MERCADAO DOS QUIOSQUES LTDA-ME,RJ,ARARUAMA,PARATY
29773587000153,19523.479999999996,MERCEARIA MERIDIONAL LTDA.,RJ,NITEROI,SANTA BARBARA
39703863000403,19593.340000000015,NELIO R VIANA FILHO.,RJ,SAO JOAO DA BARRA,BARCELOS
10482618000199,19647.839999999997,A RIBEIRO COIMBRA,RJ,NOVA FRIBURGO,CONSELHEIRO PAULINO
5426493000220,19950.0,POLICO COMERCIAL DE ALIMENTOS LTDA,SC,NAVEGANTES,MACHADOS
20548393000180,20035.09999999999,H H MURAYAMA HORTIFRUTI LTDA - EPP,RJ,MACAE,GRANJA DOS CAVALEIROS
12526735000213,20222.700000000004,SUBLIMIS SUPERMERCADO LTDA,RJ,MARICA,GUARAPINA
7221537000120,20227.070000000007,LOGISTICA COMERCIAL OITO IRMAOS LTDA,RJ,SILVA JARDIM,IMBAU
4877523000171,20260.49000000001,LUPAUMAX MERCADO E ACOUGUE LTDA ME,RJ,MACAE,VISCONDE DE ARAUJO
14519108000108,20517.24000000002,SAO BENTO GENEROS ALIMENTICIOS LTDA,RJ,NITEROI,ICARAI
69018190000170,21500.0,J H M MAQUINAS LTDA ME,SP,MOGI DAS CRUZES,ESTRADA DA CAPELINHA
28843225000129,21569.829999999994,SUPERMERCADO IRMAOS LTDA,RJ,CABO FRIO,SAO CRISTOVAO
5787892000136,21585.389999999978,SUPERMERCADO DOIS IRMAOS DA ARUEIRA LTDA EPP,RJ,MACAE,ARUEIRA
32336794000589,21822.189999999984,SUPERMERCADO FLUMINENSE DE ITAPERUNA LTDA ,RJ,ITAPERUNA,CEHAB
16559614000571,21828.25999999999,SOBERANO INDUSTRIA E COMERCIO DE ALIMENTOS LTDA-,RJ,SAO GONCALO,BARRO VERMELHO
5943227000194,21947.930000000008,FENIX 1426 COMERCIO DE ALIMENTOS LTDA EPP,RJ,SAO GONCALO,SANTA ISABEL
32336794000406,22604.490000000005,SUPERMERCADO FLUMINENSE DE ITAPERUNA LTDA-,RJ,ITAPERUNA,VINHOSA
13967018000290,22735.550000000017,RANGEL COMERCIO ATACADISTA DE GENEROS ALIMENTICIOS LTDA,RJ,ITABORAI,RIO VARZEA
32336794000660,23058.269999999986,SUPERMERCADO FLUMINENSE DE ITAPERUNA LTDA..,RJ,ITAPERUNA,AEROPORTO
32120263000120,23174.199999999975,ARMAZEM DEFANTI E VELASCO LTDA ME,RJ,CAMBUCI,CENTRO
9432668000182,23179.150000000016,TALINSK DE MELLO COM DE CEREAIS LTDA ME.,RJ,ARARUAMA,OUTEIRO
24261973000142,23208.880000000077,SUPERMERCADO JACONE EIRELI,RJ,SAQUAREMA,JACONE
22723307000153,23339.459999999995,W R NETOS ACOUGUE E MERCEARIA LTDA,RJ,ITABORAI,APOLO II
29113842000131,24096.280000000002,ORGANIZACOES BORGES LTDA,RJ,BOM JESUS DO ITABAPOANA,CENTRO
11631749000234,24327.34,ARTHUR D'MELLO SUPERMERCADO LTDA,RJ,ARARUAMA,OUTEIRO
29113842000646,24689.84999999998,ORGANIZACOES BORGES LTDA.,RJ,BOM JESUS DO ITABAPOANA,LIA MARCIA
16559614000490,25087.85000000001,SOBERANO INDUSTRIA E COMERCIO DE ALIMENTOS LTDA.,RJ,SAO GONCALO,ALCANTARA
13065191000111,25559.020000000022,RS MERCADO VAREJISTA LTDA - EPP,RJ,QUEIMADOS,CENTRO
23887274000140,25566.680000000044,MERCADO POR DO SOL DE RIO DAS OSTRAS LTDA - EPP,RJ,RIO DAS OSTRAS,JARDIM MARILEA
32336794001208,25878.839999999982,SUPERMERCADO FLUMINENSE DE ITAPERUNA LTDA,RJ,BOM JESUS DO ITABAPOANA,PIMENTEL MARQUES
8667022000111,26187.18000000002,SUPERMERCADO AVISTAO ITAOCARENSE LTDA EPP.,RJ,ITAOCARA,CENTRO
32336794000902,27253.959999999992,SUPERMERCADO FLUMINENSE DE ITAPERUNA LTDA -,RJ,MIRACEMA,CENTRO
39707427000160,27323.570000000018,S FIGUEIRA DA SILVA FILHO DISTRIBUIDORA,RJ,MACAE,JARDIM SOL E MAR
32336794000155,27465.10999999998,SUPERMERCADO FLUMINENSE DE ITAPERUNA LTDA.,RJ,ITAPERUNA,NITEROI
7070684000228,27557.460000000017,LEPAGUS COMERCIO DE CEREAIS LTDA.,MG,MURIAE,CENTRO
28861978000167,27996.650000000023,CMS MERCADO DAS FRUTAS E LEGUMES LTDA - EPP,RJ,CABO FRIO,VILA NOVA
32336794001046,28955.429999999982,SUPERMERCADO FLUMINENSE DE ITAPERUNA LTDA-.,RJ,ITAOCARA,ESTRADA PORTELA
32336794000740,29724.059999999987,SUPERMERCADO FLUMINENSE DE ITAPERUNA LTDA. ,RJ,ITAPERUNA,CENTRO
2068929000188,30302.08000000001,O MIRANDA MENDONCA AUTO SERVICO LTDA,RJ,SILVA JARDIM,CENTRO
8145755000196,30405.05,RODRIGUES E FELIX COMERCIO DE CEREAIS LTDA EPP.,RJ,CONCEICAO DE MACABU,CENTRO
19137307000167,30731.600000000006,MINI MERCADO DIANO EIRELI,RJ,ARMACAO DOS BUZIOS,ALTO DA RAZA
23768895000104,30757.369999999995,REDE TALON SUPERMERCADOS EIRELI.,RJ,RIO DAS OSTRAS,NOVA ESPERANCA
21355757000178,31010.100000000013,P N L ALIMENTOS LTDA.,RJ,SAO PEDRO DA ALDEIA,PORTO DA ALDEIA
26298958000102,31227.619999999984,M P LAGOS ATACADO E DISTRIBUIDOR DE ALIMENTOS LTDA,RJ,ARARUAMA,PENHA
17461628000197,31335.769999999968,GA ABREU MERCEARIA.,RJ,CABO FRIO,JARDIM ESPERANCA
21585994000125,31493.02000000001,AR MINIMERCADO DAS CARNES - EIRELI,RJ,SAO GONCALO,AMENDOEIRA
11631749000315,31604.89999999999,ARTHUR DMELLO SUPERMERCADO LTDA,RJ,ARARUAMA,RIO DO LIMAO
7615641000108,32136.44000000002,FREIRES DE MELLO COMERCIO DE PRODUTOS ALIMEN LTDA,RJ,ARARUAMA,RIO DO LIMAO
26061062000105,32808.74,L G H EMPREENDIMENTOS COMERCIAIS EIRELI ME,RJ,CAMPOS DOS GOYTACAZES,PARQUE CORRIENTES
13537908000180,33402.11,MERCADO E PADARIA L M LOUZADA LTDA.,RJ,SAO PEDRO DA ALDEIA,PORTO DO CARRO
36426237000186,33420.90999999999,MINI MERCADO BOM SUCESSO DE TERESOPOLIS LTDA,RJ,TERESOPOLIS,BONSUCESSO
15471879000127,33891.37000000004,SUPERMERCADO BATISTA 2012 LTDA.,RJ,SAQUAREMA,CENTRO
11032546000140,34496.18000000004,M & F SUPERMERCADO E TRANSPORTE LTDA - ME,RJ,CABO FRIO,UNAMAR
12968606000285,35219.47000000004,DISTRIBUIDORA COMERCIAL SUMMER LTDA-,RJ,MARICA,ITAIPUACU
4904985000130,35273.44000000013,F C DE ALVARENGA PRODUTOS ALIMENTICIOS LTDA-ME,RJ,SAO FIDELIS,BARAO DE MACAUBAS
12769662000290,35533.110000000044,DISTRIBUIDORA E COM DE FRIOS CABO FRIO TROPICAL LTDA,RJ,SAO PEDRO DA ALDEIA,SAO JOAO
10834199000298,35561.609999999964,HORTIFRUTI QUITANDINHA LTDA,RJ,CAMPOS DOS GOYTACAZES,CENTRO
17279185000118,35644.94999999999,GDA FERREIRA MINIMERCADO PONTA NEGRA,RJ,MARICA,PONTA NEGRA
7676699000153,35913.03,MERCEARIA ECONOMAIS LTDA.,RJ,CACHOEIRAS DE MACACU,PARQUE SANTA LUIZA
15322994000130,36180.96,I B DA SILVA COMERCIO DE ALIMENTOS EIRELI EPP,RJ,TANGUA,CENTRO
27849764000102,36487.69999999997,HORTIFRUTI CABO FRIO LTDA - EPP,RJ,CABO FRIO,JACARE
7577743000178,36531.310000000005,RANGEL E HENRIQUES COMERCIO DE GENEROS ALIMENTICIOS LTDA,RJ,CAMPOS DOS GOYTACAZES,PQE CORRIENTES
21229586000130,36672.370000000024,VERO RIO COMERCIO ATACADISTA DE GENEROS ALIMENTICIOS EIRELI,RJ,RIO DE JANEIRO,PENHA CIRCULAR
27654565000149,38244.42999999999,MERCEARIA DIPLOMATA LTDA.,RJ,RIO BONITO,CENTRO
21071655000120,39786.73000000003,RC ALMEIDA COMERCIO DE ALIMENTOS - EIRELI,RJ,SAO GONCALO,LAGOINHA
18459162000239,41857.39999999995,LUAR SUPERMERCADO COMERCIO DE ALIMENTOS LTDA-ME,RJ,CABO FRIO,SAMBURA TAMOIOS
21127646000104,42633.40999999995,MERCADO SAO LUCAS DE PORTO DA ROCA EIRELI,RJ,SAQUAREMA,PORTO DA ROCA
12968606000366,43072.39999999999,DISTRIBUIDORA COMERCIAL SUMMER LTDA.,RJ,MARICA,ITAIPUACU
27833615002875,43796.569999999956,PRINCESA AUTO SERVICO DE COMESTIVEIS LTDA..,RJ,ARARUAMA,CENTRO
23329763000186,44443.359999999964,VIEIRA E VIEIRA SUPERMERCADO LTDA,RJ,MACAE,BARRA DE MACAE
27833615002956,44938.07999999994,PRINCESA AUTO SERVICO DE COMESTIVEIS LTDA--,RJ,SAQUAREMA,BACAXA
23844708000124,45085.940000000024,ALFA SUPERMERCADO - EIRELI,RJ,MACAE,SOL E MAR
73915597000178,46103.55999999996,PUBLIX GENEROS ALIMENTICIOS LTDA.,RJ,SAO GONCALO,PARAISO
20259672000123,49081.84999999984,ROBLEO COMERCIO DE PRODUTOS E GENEROS ALIMENTICIOS LTDA-EPP.,RJ,ARARUAMA,CENTRO
11761060000224,49171.00000000015,FIDELIS DISTRIBUIDORA DE PRODUTOS ALIMENT LTDA.,RJ,IGUABA GRANDE,ARRASTAO
27833615000155,49500.0,PRINCESA AUTO SERVICO DE COMESTIVEIS LTDA,RJ,RIO DE JANEIRO,PENHA CIRCULAR
9097655000102,50617.75000000001,DUSCH COMERCIO DE PRODUTOS ALIMENTICIOS LTDA - ME,RJ,CABO FRIO,UNAMAR
17682396000105,52000.0,FS CAVALARI DE SOUZA MAQUINAS AUT.,SP,SAO PAULO,VILA MARIANA
13126932000127,52350.32999999998,MANAUS 1183 MERCEARIA LTDA,RJ,SAO GONCALO,COLUBANDE
8472686000206,53093.31999999994,CAMPOS PAVANI DE MACAE COMERCIO DE ALIMENTOS LTDA,RJ,MACAE,AJUDA DE BAIXO
19897866000175,55664.13000000005,FRUTAS COMERCIO ATACADISTA E VAREJO EIRELI - ME,RJ,CABO FRIO,JARDIM FLAMBOYANT
39233184000175,56271.230000000265,R A GENRO MERCEARIA EPP,RJ,RIO DAS OSTRAS,LIBERDADE
1446960000142,56305.32000000002,POINT 34 BAZAR E ALIMENTOS LTDA,RJ,MARICA,JARDIM ATLANTICO
27833615003251,58197.53999999991,PRINCESA AUTO SERVICO DE COMESTIVEIS LTDA,RJ,ARMACAO DOS BUZIOS,MANGUINHOS
11714688000198,58627.26999999996,V V MENEZES MERCADO LTDA,RJ,CABO FRIO,SAO CRISTOVAO
72392434000195,58681.62999999993,AVENIDA SERRAMAR LTDA EPP,RJ,MACAE,CORREGO DO OURO
18869111000102,59168.38999999995,SUPERMERCADO TALON PEDROSA LTDA.,RJ,MACAE,SAO JOSE DO BARRETO
1190829000167,59986.73999999998,SUPERMERCADO CALIL DE CONCEICAO DE MACABU LTDA.,RJ,CONCEICAO DE MACABU,PARAISO
14304366000169,62640.61999999991,MERCADO E PADARIA J J PONTES LTDA EPP,RJ,CABO FRIO,PARQUE BURLE
27833615003170,63357.56999999992,PRINCESA AUTO SERVICO DE COMESTIVEIS LTDA,RJ,ARRAIAL DO CABO,PRAIA DOS ANJOS
13404646000186,69852.09000000013,E P FILHO COM E DISTRIBUICAO DE CARNES E PRODUTOS ALIM LTDA,RJ,CABO FRIO,SAO CRISTOVAO
1015564000160,70625.01999999997,NISSI COMERCIO E REPRESENTACOES LTDA - ME,RJ,RIO DE JANEIRO,PENHA CIRCULAR
11670482000103,71068.01999999999,G B LUZ MERCADO LTDA,RJ,RIO DAS OSTRAS,RES PRAIA ANCORA
22546657000191,71739.76999999989,MERCEARIA 6 ESTRELAS LTDA.,RJ,SAO GONCALO,JARDIM CATARINA
27833615002522,72443.4000000001,PRINCESA AUTO SERVICO DE COMESTIVEIS LTDA,RJ,CABO FRIO,JARDIM OLINDA
27833615001208,75010.42000000003,PRINCESA AUTO SERV DE COMESTIVEIS LTDA,RJ,ARMACAO DOS BUZIOS,MANGUINHOS
13126932000208,75303.37999999993,MANAUS 1183 MERCEARIA LTDA EPP FILIAL,RJ,ITABORAI,MANILHA
7258484000112,77896.61999999985,COMERCIO DE CEREAIS IZANITA LIMITADA.,RJ,SAQUAREMA,BACAXA
32336794000317,78390.07999999991,SUPERMERCADO FLUMINENSE DE ITAPERUNA LTDA,RJ,ITAPERUNA,PRES COSTA E SILVA
31503576000103,80519.23999999992,B PEREIRA SILVA E SANTOS COM DE PROD ALIM LTDA,RJ,SAO FIDELIS,CENTRO
13051981000148,86388.25999999995,SUPERMERCADO BARCELOS LTDA,RJ,CABO FRIO,AQUARIUS
40169278000101,88947.81999999967,MINIMERCADO DOIS IRMAOS COSTA AZUL LTDA ME,RJ,RIO DAS OSTRAS,COSTA AZUL
27833615002107,89666.23999999999,PRINCESA AUTO SERV DE COMESTIVEIS LTDA,RJ,ARRAIAL DO CABO,CENTRO
27833615002603,89755.28999999975,PRINCESA AUTO SERVICO DE COMESTIVEIS LTDA,RJ,CABO FRIO,CENTRO
27833615003090,90052.89999999988,PRINCESA AUTO SERVICO DE COMESTIVEIS LTDA,RJ,IGUABA GRANDE,CENTRO
12027650000100,96138.4299999998,NOVA OPCAO DE MAUA CEREAIS LTDA.,RJ,MAGE,MAUA
8109307000137,96679.63999999966,SANFRA COMERCIO E DISTRIBUIDORA LTDA,RJ,CASIMIRO DE ABREU,CENTRO
9642314000162,98283.23999999935,TOP GREEN FRUIT HORTIFRUITGRANJEIROS LTDA,RJ,ARARUAMA,CENTRO
5054332000172,98474.1299999999,NOVA ESPERANCA DE ARARUAMA LTDA EPP,RJ,ARARUAMA,MATARUNA
23352716000153,101199.72999999982,NL FONTES DISTRIBUIDORA DE PRODUTOS ALIMENTICIOS LTDA,RJ,IGUABA GRANDE,CIDADE NOVA
27833615002018,104621.59000000001,PRINCESA AUTO SERVICO DE COMESTIVEIS LTDA,RJ,CASIMIRO DE ABREU,CENTRO
73915597000259,112072.83999999984,PUBLIX GENEROS ALIMENTICIOS.,RJ,SAO GONCALO,TRINDADE
27833615001399,112466.81999999989,PRINCESA AUTO SERV DE COMESTIVEIS LTDA,RJ,ARRAIAL DO CABO,CENTRO
11761060000143,113164.14999999989,FIDELIS DISTRIBUIDORA DE PRODUTOS ALIMENTICIOS LTDA,RJ,ARARUAMA,IGUABINHA
5256321000175,114072.08999999975,JONAI COMERCIAL LTDA.,RJ,ARARUAMA,SAO VICENTE DE PAULA
5252826000161,118690.21000000004,TEIXEIRAO COMERCIAL LTDA.,RJ,ITAPERUNA,NITEROI
12968606000102,120101.75999999922,DISTRIBUIDORA COMERCIAL SUMMER LTDA,RJ,MARICA,ITAIPUACU
7652822000104,120359.90999999996,R L DE SOUZA ALIMENTOS -ME,RJ,MACAE,LAGOMAR
35824374000106,125304.90000000005,SCHUINDT E MACHADO LTDA,RJ,MACAE,AROEIRA
11631749000153,125417.3700000001,ARTHUR D MELLO SUPERMERCADO LTDA.,RJ,IGUABA GRANDE,CENTRO
22536813000133,128012.6999999996,SUPERMERCADO ECONOMICO JJ - EIRELI,RJ,SAO GONCALO,JARDIM CATARINA
12427914000112,129072.48999999986,MAVA DISTRIBUIDORA DE FRIOS LTDA,RJ,ANGRA DOS REIS,PARQUE DAS PALMEIRAS
27833615001712,133271.82,PRINCESA AUTO SERVICO DE COMESTIVEIS LTDA ,RJ,RIO DAS OSTRAS,CENTRO
18749311000113,134644.10999999946,V E J MINIMERCADO PORTO DA ROCA LTDA ME,RJ,SAQUAREMA,BACAXA
27833615001801,137814.01999999996,PRINCESA AUTO SERVICO DE COMESTIVEIS LTDA,RJ,CABO FRIO,CENTRO
9653290000147,153882.3299999999,SUPERMERCADO SAO JUDAS TADEU LTDA,RJ,SAQUAREMA,BACAXA
5565335000170,153918.47999999937,SALVADOR DOIS IRMAOS MERCEARIA LTDA,RJ,RIO DAS OSTRAS,JARDIM MARILEA
27833615001984,160547.13999999998,PRINCESA AUTO SERV DE COMESTIVEIS LTDA.,RJ,ARMACAO DOS BUZIOS,MANGUINHOS
39508023000228,179723.7899999996,TERE FRUTAS COMERCIO DE ALIMENTOS E PANIFICACAO LTDA,RJ,SAO PEDRO DA ALDEIA,CENTRO
17339293000139,216302.25999999858,ATRIOS ALIMENTOS LTDA EPP,RJ,SAQUAREMA,BONSUCESSO
19068286000175,287622.9700000014,Z J N SUPERMERCADO LTDA,RJ,ARARUAMA,PARATY
29840154000173,300708.0099999985,LATICINIO BOA ESPERANCA DE ARARUAMA,RJ,ARARUAMA,CENTRO
12434859000198,362693.83999999973,DISTRIBUIDORA DE ALIMENTOS QUEIROZ LTDA,RJ,CABO FRIO,CENTRO
15116388000168,367559.07999999996,DIST COLOSSAL COM IMP E EXP ALIM LTDA,RJ,RIO DE JANEIRO,BARRA DA TIJUCA
12360891000176,474946.97000000003,COLOSSAL SAO PAULO COM IMP EXP ALIM LTDA,SP,SAO PAULO,IPIRANGA
