CNPJ;cliente;UF;cidade;bairro;LATITUDE;LONGITUDE;Valor
7394215000183;GILVERLAN BARBOSA SOUTO EPP;BA;NOVA VICOSA;VICOSA;-17,89;-39,37;184301,3617
23673682000107;ALINE FAVERO DO NASCIMENTO;BA;PRADO;SAO BRAS;-17,34;-39,22;157085,2382
9190998000109;SUPERMERCADO PAGANINI LTDA;ES;ANCHIETA;OLIVEIRA;-20,79;-40,65;111105,3093
31759699000444;COMERCIAL DEVENS LTDA;ES;ARACRUZ;COQUEIRAL;-19,82;-40,27;392874,5203
31759699000363;COMERCIAL DEVENS LTDA.;ES;ARACRUZ;CENTRO;-19,82;-40,27;392874,5203
9379562000162;COMERCIAL KINAO LTDA - EPP.;ES;ARACRUZ;GUARANA;-19,82;-40,27;392874,5203
9622180000118;KINKAS COMERCIO VAREJISTA LTDA.;ES;ARACRUZ;VILA NOVA;-19,82;-40,27;392874,5203
35994433000275;MERCADO HORTICAXIXE LTDA EPP;ES;ARACRUZ;BARRA DO RIACHO;-19,82;-40,27;392874,5203
39792205000192;SUPERMERCADO KINKAS LTDA;ES;ARACRUZ;CENTRO;-19,82;-40,27;392874,5203
8357136000165;SUPERMERCADO VALLIN LTDA;ES;ARACRUZ;BARRA DO SAHY;-19,82;-40,27;392874,5203
19190781000152;AUTO SERVICO BORGES CAPIXABA LTDA;ES;BOM JESUS DO NORTE;SAO SEBASTIAO;-21,11;-41,67;53606,74085
14476627000128;VP SUPERMERCADO LTDA EPP;ES;BOM JESUS DO NORTE;CENTRO;-21,11;-41,67;53606,74085
4048163000103;CAMPOS CEREAIS LTDA;ES;CACHOEIRO DE ITAPEMIRIM;SANTA HELENA;-20,84;-41,11;1022894,608
2328363000186;SCARPE CEREAIS LTDA;ES;CACHOEIRO DE ITAPEMIRIM;MONTE CRISTO;-20,84;-41,11;1022894,608
10293889000104;SUPERMERCADO MOLINAROLI LTDA - ME;ES;CACHOEIRO DE ITAPEMIRIM;BASILEIA;-20,84;-41,11;1022894,608
39379011000160;SUPERMERCADO RAQUEL LTDA - ME;ES;CACHOEIRO DE ITAPEMIRIM;RUI PINTO BANDEIRA;-20,84;-41,11;1022894,608
39790191000259;AUTO SERVICO COSTA PEREIRA LTDA;ES;CARIACICA;CAMPO GRANDE;-20,26;-40,42;1915915,661
36332252000165;AUTO SERVICO INTERNACIONAL LTDA.;ES;CARIACICA;PORTO DE SANTANA;-20,26;-40,42;1915915,661
3807466000191;AUTO SERVICO NACIONAL LTDA.;ES;CARIACICA;SANTANA;-20,26;-40,42;1915915,661
1848448000122;C R COSTA - ME;ES;CARIACICA;ITANGUA;-20,26;-40,42;1915915,661
27547678000145;IPAMAR COMERCIAL LTDA;ES;CARIACICA;NOVA BRASILIA;-20,26;-40,42;1915915,661
26941332000164;SUPERMERCADOS CAMPO GRANDE EIRELI;ES;CARIACICA;CAMPO GRANDE;-20,26;-40,42;1915915,661
28534402000357;COMECIAL CEREAIS PRETTI LTDA.;ES;COLATINA;SAO SILVANO;-19,53;-40,63;706959,621
5898316000166;COMERCIAL NIVEM LTDA ME.;ES;COLATINA;HONORARIO;-19,53;-40,63;706959,621
39621479000208;DOIS AMIGOS ATACADO E VAREJO LTDA.;ES;COLATINA;SAO SILVANO;-19,53;-40,63;706959,621
2549492000102;FERRARI COMERCIO DE ALIMENTOS LTDA - ME.;ES;COLATINA;COLUMBIA;-19,53;-40,63;706959,621
12892415000287;FRISA COMERCIAL S/A.;ES;COLATINA;CENTRO;-19,53;-40,63;706959,621
9912142000108;LUCIO LAURINDO AGRIZZI - EPP;ES;COLATINA;MARIA DAS GRACAS;-19,53;-40,63;706959,621
27285030000229;MARIA JOSE MAIN LUCAS;ES;COLATINA;CENTRO;-19,53;-40,63;706959,621
27285030000148;MARIA JOSE MAIN LUCAS.;ES;COLATINA;CENTRO;-19,53;-40,63;706959,621
3489753000109;SALVADOR ANTONIO GUAITOLINI.;ES;COLATINA;MARIA DAS GRACAS;-19,53;-40,63;706959,621
35995646000130;SUPERMERCADO DOIS IRMAOS LTDA;ES;COLATINA;VILA NOVA;-19,53;-40,63;706959,621
30575476000111;SUPERMERCADO PRECO CERTO.;ES;COLATINA;CENTRO;-19,53;-40,63;706959,621
31466253000189;AUTO SERVICO IDEAL LTDA.;ES;FUNDAO;CENTRO;-19,93;-40,4;69891,14252
7233035000110;MARIA JOSIMARA BROETTO NUNES - EPP.;ES;FUNDAO;CENTRO;-19,93;-40,4;69891,14252
31759699000606;COMERCIAL DEVENS LTDA.;ES;IBIRACU;CENTRO;-19,83;-40,37;62788,75104
14962390000195;HIPERMARKET LTDA - ME.;ES;IBIRACU;CENTRO;-19,83;-40,37;62788,75104
2275470000193;SUPERMERCADO ICONHA EIRELI;ES;ICONHA;CENTRO;-20,79;-40,81;70715,68333
12078803000148;SUPERMERCADO UNIAO LTDA.;ES;ITAGUACU;CENTRO;-19,8;-40,85;90632,92298
27571983000172;SUPERMERCADOS GOBBO LTDA;ES;ITAGUACU;CENTRO;-19,8;-40,85;90632,92298
1704374000150;D. S. COUTINHO EIRELI - ME;ES;ITAPEMIRIM;CENTRO;-21,01;-40,83;170982,6818
9435241000138;L.C. LEAL MERCEARIA - ME;ES;ITAPEMIRIM;CENTRO.;-21,01;-40,83;170982,6818
13508821000185;MARINI & MELLO LTDA - ME;ES;ITAPEMIRIM;ITAIPAVA;-21,01;-40,83;170982,6818
7138469000130;OLIVEIRA E SILVA SUPERMERCADO LTDA - ME;ES;ITAPEMIRIM;CAMPO ACIMA;-21,01;-40,83;170982,6818
2910082000137;SUPERMERCADO SANGRID LTDA - ME;ES;ITAPEMIRIM;ITAIPAVA;-21,01;-40,83;170982,6818
27267673000169;SUPERMERCADO JOAO NEIVA LTDA - EPP;ES;JOAO NEIVA;CENTRO;-19,75;-40,38;92517,1931
39638580000182;ADRIANO JOVITA BARROS EPP;ES;LINHARES;BEBEDOURO;-19,39;-40,07;635888,6878
31465263000108;SUPERMERCADO PAIZANTE LTDA;ES;MANTENOPOLIS;CENTRO;-18,86;-41,12;77829,53611
11299726000193;SUPERMERCADO SANTA FE LTDA-ME.;ES;MANTENOPOLIS;CENTRO;-18,86;-41,12;77829,53611
8455561000197;P E S RANGEL HORTIFRUTI - ME;ES;MARATAIZES;BARRA DE ITAPEMIRIM;-21,04;-40,82;159863,8163
17024368000192;VILMA DE FATIMA REZENDE SOBREIRA - ME;ES;MARATAIZES;BARRA DO ITAPEMIRIM;-21,04;-40,82;159863,8163
1872160000193;SUPERMERCADO CASALI LTDA EPP.;ES;MARILANDIA;CENTRO;-19,41;-40,54;65169,37364
11472138000100;SUPERMERCADO DOM BOSCO LTDA ME;ES;MARILANDIA;CENTRO;-19,41;-40,54;65169,37364
39818919000122;BETTIN E BOA LTDA EPP.;ES;NOVA VENECIA;CENTRO;-18,71;-40,4;290409,6427
381613000116;JOAQUIM GRECHI ME.;ES;NOVA VENECIA;RUBIA;-18,71;-40,4;290409,6427
10607920000126;SUPERMERCADO ECONOMIA LTDA.;ES;NOVA VENECIA;FILOMENA;-18,71;-40,4;290409,6427
39267802000106;JOAO PAGUNG ACOUGUE .;ES;PANCAS;CENTRO;-19,22;-40,85;125727,9448
31469067000101;ELIO GARCIA MARVILLA FILHO - ME;ES;PIUMA;UNIAO;-20,83;-40,72;74557,16863
5813544000196;FIALHO E CYPRIANO SUPERMERCADO LTDA - ME;ES;PIUMA;ITAPUTANGA;-20,83;-40,72;74557,16863
39345244000141;G P SUPERMERCADO LTDA - ME;ES;PIUMA;NITEROI;-20,83;-40,72;74557,16863
24639414000123;LUCAS CIPRESTE DE VARGAS - ME;ES;PIUMA;JARDIM MAILY;-20,83;-40,72;74557,16863
24283816000138;MERCEARIA M. D. DA SILVA LTDA - ME;ES;PIUMA;CENTRO;-20,83;-40,72;74557,16863
1442299000105;COMERCIAL DEJE LTDA - EPP.;ES;SANTA TERESA;CENTRO;-19,93;-40,6;133505,4457
21390936000146;SUPERMERCADO FLAMEL LTDA - EPP.;ES;SANTA TERESA;DOIS PINHEIROS;-19,93;-40,6;133505,4457
39281142000100;SUPERMERCADO POPULAR LTDA - EPP;ES;SANTA TERESA;VILA NOVA;-19,93;-40,6;133505,4457
5971368000110;ROBERTO CARLOS PESSIN - ME.;ES;SAO GABRIEL DA PALHA;CENTRO;-19,01;-40,53;153164,9253
36398790000152;SUPERMERCADO DE NADAI LTDA.;ES;SAO GABRIEL DA PALHA;CENTRO;-19,01;-40,53;153164,9253
18750973000103;SUPERMERCADO PESSIN LTDA - ME.;ES;SAO GABRIEL DA PALHA;CENTRO;-19,01;-40,53;153164,9253
4628804000190;COMERCIAL L.C.T. LTDA - EPP.;ES;SAO MATEUS;GURIRI;-18,71;-39,85;541132,1585
26364805000108;H PRATA DA SILVA - ME;ES;SAO MATEUS;GURIRI NORTE;-18,71;-39,85;541132,1585
36305837000196;SUPERMERCADO CELEIRO LTDA;ES;SAO MATEUS;SANTO ANTONIO;-18,71;-39,85;541132,1585
36305837000358;SUPERMERCADO CELEIRO LTDA.;ES;SAO MATEUS;GURIRI;-18,71;-39,85;541132,1585
4620892000184;COMPANHIA DO BOI COMERCIO DE CARNES EIRELI;ES;SERRA;JARDIM LIMOEIRO;-20,12;-40,3;1638457,71
11068482000138;E C V AUGUSTO MERCEARIA - ME;ES;SERRA;SERRAMAR;-20,12;-40,3;1638457,71
7715453000224;ELIONALDO DO GOULART DAS NEVES EPP;ES;SERRA;NOVA ALMEIDA CENTRO;-20,12;-40,3;1638457,71
17236817000166;KALU SHOW GRILL COMERCIO DE CARNES E VARIEDADES EIRELI - ME;ES;SERRA;JARDIM ATLANTICO;-20,12;-40,3;1638457,71
35956606000180;MARINA MELLO NUNES - ME;ES;SERRA;CONJ HELIO FERRAZ;-20,12;-40,3;1638457,71
26098410000100;AUTO SERVICO CASA SHOW LTDA - ME;ES;VIANA;UNIVERSAL;-20,39;-40,49;326366,8171
5466796000196;SUPERMERCADO MARETTO EIRELLI - EPP.;ES;VIANA;MARCILIO DE NORONHA;-20,39;-40,49;326366,8171
24616223000146;SUPERMERCADO VENETTO EIRELI;ES;VIANA;MARCILIO DE NORONHA;-20,39;-40,49;326366,8171
24652921000105;AUTO SERVICO FERNANDES SIQUEIRA EIRELI ME;ES;VILA VELHA;CRISTOVAO COLOMBO;-20,33;-40,29;1836739,809
23529918000128;COMERCIAL DE ALIMENTOS CANAL EIRELI - ME;ES;VILA VELHA;IBES;-20,33;-40,29;1836739,809
8929445000162;ECOREAL SUPERMERCADOS LTDA - ME;ES;VILA VELHA;TERRA VERMELHA;-20,33;-40,29;1836739,809
26616381000121;HORTIFRUTIGRANJEIROS FASSARELLA & ROGGE LTDA - ME.;ES;VILA VELHA;VALE ENCANTADO;-20,33;-40,29;1836739,809
4630798000106;SUPERMERCADO GARBOS LTDA - ME;ES;VILA VELHA;ARACAS;-20,33;-40,29;1836739,809
39361142000110;COMERCIAL GIMAR LTDA;ES;VITORIA;VILA RUBIM;-20,31;-40,33;1649950,665
12703414000166;DRIELLI GONCALVES PEREIRA - ME;ES;VITORIA;ROMAO;-20,31;-40,33;1649950,665
11857211000161;HORTI FRUTIX JARDIM CAMBURI EIRELI - ME;ES;VITORIA;JARDIM CAMBURI;-20,31;-40,33;1649950,665
28390961000179;COMERCIAL DE CEREAIS GUANDUENSE LTDA;MG;AIMORES;CENTRO;-19,49;-41,06;160150,0227
4371905000129;COMERCIAL JOAO LUIZ FRIZZERA LTDA;MG;AIMORES;CENTRO;-19,49;-41,06;160150,0227
2101672000119;COMERCIAL LESTE MINAS LTDA;MG;AIMORES;CENTRO;-19,49;-41,06;160150,0227
17359233000188;TECIDOS E ARMARINHOS MIGUEL BARTOLOMEU S/A;MG;CONTAGEM;TAPERA;-19,93;-44,05;492350
8505159000170;MERCEARIA SILVEIRA EUGENOPOLIS LTDA;MG;EUGENOPOLIS;CENTRO;-21,09;-42,18;64526,80001
13002242000166;COMERCIAL PEREIRAO LTDA.;MG;MURIAE;DORNELAS;-21,13;-42,36;575548,9653
66212721000173;ESCOBAR GOMES DE SOUZA FILHO;MG;MURIAE;BARRA;-21,13;-42,36;575548,9653
7070684000228;LEPAGUS COMERCIO DE CEREAIS LTDA.;MG;MURIAE;CENTRO;-21,13;-42,36;575548,9653
7070684000147;LEPAGUS COMERCIO DE CEREAIS LTDA.;MG;MURIAE;PORTO;-21,13;-42,36;575548,9653
10598245000116;MEGA BARRA SUPERMERCADOS LTDA - ME;MG;MURIAE;BARRA;-21,13;-42,36;575548,9653
22745194000197;SUPERMERCADO SAO LOURENCO DE MURIAE LTDA;MG;MURIAE;SAFIRA;-21,13;-42,36;575548,9653
17190802000104;COMERCIAL MEDEIROS LTDA - ME;MG;RESPLENDOR;NOSSA SENHORA DE FATIMA;-19,32;-41,25;113398,8802
7464058000135;SUPERMERCADO SILVA LTDA.;MG;RESPLENDOR;N. SRA. DE FATIMA;-19,32;-41,25;113398,8802
20818209000174;SUPERMERCADO VANIA LTDA - EPP;MG;RESPLENDOR;SAO VICENTE;-19,32;-41,25;113398,8802
20818209000417;SUPERMERCADO VANIA LTDA - EPP;MG;RESPLENDOR;CENTRO;-19,32;-41,25;113398,8802
2165530000115;R P COMERCIO VAREJISTA LTDA - ME;PA;PARAUAPEBAS;CIDADE NOVA;-6,06;-49,9;422165,6255
10258873000233;SOLUCAO INGREDIENTES INDUSTRIAIS LTDA ME;PR;CURITIBA;CAMPO COMPRIDO;-25,42;-49,27;1476253
814123000166;FERSANPLASTI COMERCIO DE EMBALAGENS LTDA;RJ;ANGRA DOS REIS;CENTRO;-23;-44,31;600477,0632
73237570000173;J D MINI MERCADO CAMORIM LTDA;RJ;ANGRA DOS REIS;CAMORIM GRANDE;-23;-44,31;600477,0632
12427914000112;MAVA DISTRIBUIDORA DE FRIOS LTDA;RJ;ANGRA DOS REIS;PARQUE DAS PALMEIRAS;-23;-44,31;600477,0632
32058729000105;MINI MERCADO ESPERANCA DO VILLAGE LTDA ME;RJ;ANGRA DOS REIS;JACUECANGA;-23;-44,31;600477,0632
9309021000168;NF-E EMITIDA EM AMBIENTE DE HOMOLOGACAO - SEM VALOR FISCAL;RJ;ANGRA DOS REIS;VILA NOVA DE CAMPOS;-23;-44,31;600477,0632
72155534000106;P M LUCAS MERCEARIA LTDA ME;RJ;ANGRA DOS REIS;JACUECANGA;-23;-44,31;600477,0632
10575417000136;SUPERMERCADO LUCAS FORTE LTDA ME;RJ;ANGRA DOS REIS;VILLAGE;-23;-44,31;600477,0632
2898691000118;SUPERMERCADO OLIVEIRA LTDA ME;RJ;APERIBE;CENTRO;-21,62;-42,1;48797,51191
28514600000197;A M C FELIX COMERCIO DE GENEROS ALIMENTICIOS - ME;RJ;ARARUAMA;CENTRO;-22,87;-42,34;462940,4045
27995546000186;AC CUSTODIO FILHO COMERCIO - ME;RJ;ARARUAMA;BURACO DO PAU;-22,87;-42,34;462940,4045
39245592000147;ARARA DE ARARUAMA COMERCIO DE GENEROS ALIMENTICIOS LTDA;RJ;ARARUAMA;CENTRO;-22,87;-42,34;462940,4045
11631749000234;ARTHUR D'MELLO SUPERMERCADO LTDA;RJ;ARARUAMA;OUTEIRO;-22,87;-42,34;462940,4045
11631749000315;ARTHUR DMELLO SUPERMERCADO LTDA;RJ;ARARUAMA;RIO DO LIMAO;-22,87;-42,34;462940,4045
23615208000110;ASA BLUE MINI MERCADO E MERCEARIA EIRELI;RJ;ARARUAMA;PARATY;-22,87;-42,34;462940,4045
3542276000190;CELMAPEL COMERCIO DE EMBALAGENS LTDA ME;RJ;ARARUAMA;CENTRO;-22,87;-42,34;462940,4045
10438370001050;COMPRE MAIS AUTO SERVICO LTDA;RJ;ARARUAMA;CENTRO;-22,87;-42,34;462940,4045
8450282000726;DISTRIBUIDORA DE PRODUTOS ASA BRANCA LTDA;RJ;ARARUAMA;CENTRO;-22,87;-42,34;462940,4045
25053220000104;E H DA CUNHA MINIMERCADOS EIRELI ME;RJ;ARARUAMA;JAPAO;-22,87;-42,34;462940,4045
11761060000143;FIDELIS DISTRIBUIDORA DE PRODUTOS ALIMENTICIOS LTDA;RJ;ARARUAMA;IGUABINHA;-22,87;-42,34;462940,4045
7615641000108;FREIRES DE MELLO COMERCIO DE PRODUTOS ALIMEN LTDA;RJ;ARARUAMA;RIO DO LIMAO;-22,87;-42,34;462940,4045
10600073000178;IMPACTO MASSAS E GENEROS ALIMENTICIOS LTDA;RJ;ARARUAMA;VILA CANAA;-22,87;-42,34;462940,4045
5256321000175;JONAI COMERCIAL LTDA.;RJ;ARARUAMA;SAO VICENTE DE PAULA;-22,87;-42,34;462940,4045
29840154000173;LATICINIO BOA ESPERANCA DE ARARUAMA;RJ;ARARUAMA;CENTRO;-22,87;-42,34;462940,4045
6953093000236;M J M COMERCIO DE GENEROS ALIMENTICIOS LTDA;RJ;ARARUAMA;VILA CAPRI;-22,87;-42,34;462940,4045
26298958000102;M P LAGOS ATACADO E DISTRIBUIDOR DE ALIMENTOS LTDA;RJ;ARARUAMA;PENHA;-22,87;-42,34;462940,4045
18183953000106;MERCADAO DOS QUIOSQUES LTDA-ME;RJ;ARARUAMA;PARATY;-22,87;-42,34;462940,4045
5054332000172;NOVA ESPERANCA DE ARARUAMA LTDA EPP;RJ;ARARUAMA;MATARUNA;-22,87;-42,34;462940,4045
12899412000194;ORIENTE COMERCIO DE GENEROS ALIMENTICIOS EIRELI;RJ;ARARUAMA;AREAL;-22,87;-42,34;462940,4045
27833615002875;PRINCESA AUTO SERVICO DE COMESTIVEIS LTDA..;RJ;ARARUAMA;CENTRO;-22,87;-42,34;462940,4045
20259672000123;ROBLEO COMERCIO DE PRODUTOS E GENEROS ALIMENTICIOS LTDA-EPP.;RJ;ARARUAMA;CENTRO;-22,87;-42,34;462940,4045
27050947000678;SUPERMERCADO ECONOMICO DE CABO FRIO LTDA;RJ;ARARUAMA;VILA CAPRI;-22,87;-42,34;462940,4045
21380625000104;SUPERMERCADO JAL EIRELI ME;RJ;ARARUAMA;ENGENHO VELHO;-22,87;-42,34;462940,4045
9432668000182;TALINSK DE MELLO COM DE CEREAIS LTDA ME.;RJ;ARARUAMA;OUTEIRO;-22,87;-42,34;462940,4045
9642314000162;TOP GREEN FRUIT HORTIFRUITGRANJEIROS LTDA;RJ;ARARUAMA;CENTRO;-22,87;-42,34;462940,4045
24793400000160;VAREJO TOTAL COMERCIO DE GENEROS ALIMENTICIOS LTDA;RJ;ARARUAMA;VILA CAPRI;-22,87;-42,34;462940,4045
19068286000175;Z J N SUPERMERCADO LTDA;RJ;ARARUAMA;PARATY;-22,87;-42,34;462940,4045
28295152000188;ACOUGUE CABISTA LTDA;RJ;ARRAIAL DO CABO;CENTRO;-22,96;-42,02;137882,7566
26164948000176;BARCELLOS E SANTOS COMERCIO DE PRODUTOS ALIMENTICIO EIRELI;RJ;ARRAIAL DO CABO;FIGUEIRA;-22,96;-42,02;137882,7566
4580896000186;KIST E SILVA COMERCIO LTDA;RJ;ARRAIAL DO CABO;FIGUEIRA;-22,96;-42,02;137882,7566
1448324000150;M J COMERCIO DE GENEROS ALIMENTICIOS LTDA;RJ;ARRAIAL DO CABO;CENTRO;-22,96;-42,02;137882,7566
27833615001399;PRINCESA AUTO SERV DE COMESTIVEIS LTDA;RJ;ARRAIAL DO CABO;CENTRO;-22,96;-42,02;137882,7566
27833615002107;PRINCESA AUTO SERV DE COMESTIVEIS LTDA;RJ;ARRAIAL DO CABO;CENTRO;-22,96;-42,02;137882,7566
27833615003170;PRINCESA AUTO SERVICO DE COMESTIVEIS LTDA;RJ;ARRAIAL DO CABO;PRAIA DOS ANJOS;-22,96;-42,02;137882,7566
2075715000139;CASA NATHALIA DAS CARNES LTDA - ME;RJ;BELFORD ROXO;VILAR NOVO;-22,76;-43,39;399319
28076453000110;MERCADO PLANALTO DO BOM PASTOR LTDA ME - ME;RJ;BELFORD ROXO;BOM PASTOR;-22,76;-43,39;399319
10356337000190;MERCEARIA MAGICA DE SANTA MARIA LTDA - ME;RJ;BELFORD ROXO;SANTA MARIA;-22,76;-43,39;399319
1466610000148;MERCEARIA TATI DE BELFOD LTDA -ME;RJ;BELFORD ROXO;PARQUE ESPERANCA;-22,76;-43,39;399319
22753943000128;MV MERCEARIA E CONFEITARIA LTDA - ME.;RJ;BELFORD ROXO;VILA LUZ;-22,76;-43,39;399319
3176931000133;NAHIDE MERCEARIA LTDA;RJ;BELFORD ROXO;VIA PAULINA;-22,76;-43,39;399319
5229674000186;MERCADO SUPREMO DE SAO MIGUEL LTDA;RJ;BOM JARDIM;SAO MIGUEL;-22,15;-42,41;133467,6567
29113842000131;ORGANIZACOES BORGES LTDA;RJ;BOM JESUS DO ITABAPOANA;CENTRO;-21,13;-41,68;197721,9401
29113842000646;ORGANIZACOES BORGES LTDA.;RJ;BOM JESUS DO ITABAPOANA;LIA MARCIA;-21,13;-41,68;197721,9401
32336794001208;SUPERMERCADO FLUMINENSE DE ITAPERUNA LTDA;RJ;BOM JESUS DO ITABAPOANA;PIMENTEL MARQUES;-21,13;-41,68;197721,9401
10254507000125;ADRIANA F GONCALVES PADARIA ME;RJ;CABO FRIO;AQUARIOS;-22,87;-42,01;684793,4982
27807563000142;ANTONIO G AGOSTINHO DOS SANTOS MERCEARIA E ACOUGUE - ME;RJ;CABO FRIO;UNAMAR (TAMOIOS);-22,87;-42,01;684793,4982
8656302000124;BIG FILD ALIMENTOS LTDA;RJ;CABO FRIO;JARDIM ESPERANCA;-22,87;-42,01;684793,4982
18538019000151;CARDOSO E COSTA DISTRIBUIDORA LTDA;RJ;CABO FRIO;PARQUE BURLE;-22,87;-42,01;684793,4982
8689466000239;CASA BARROS ALIMENTOS EIRELI;RJ;CABO FRIO;JARDIM ESPERANCA;-22,87;-42,01;684793,4982
28861978000167;CMS MERCADO DAS FRUTAS E LEGUMES LTDA - EPP;RJ;CABO FRIO;VILA NOVA;-22,87;-42,01;684793,4982
12434859000198;DISTRIBUIDORA DE ALIMENTOS QUEIROZ LTDA;RJ;CABO FRIO;CENTRO;-22,87;-42,01;684793,4982
12434859000350;DISTRIBUIDORA DE ALIMENTOS QUEIROZ LTDA;RJ;CABO FRIO;SAO CRISTOVAO;-22,87;-42,01;684793,4982
12769662000100;DISTRIBUIDORA E COMERCIO DE FRIOS CABO FRIO TROPICAL LTDA;RJ;CABO FRIO;SAO CRISTOVAO;-22,87;-42,01;684793,4982
9097655000102;DUSCH COMERCIO DE PRODUTOS ALIMENTICIOS LTDA - ME;RJ;CABO FRIO;UNAMAR;-22,87;-42,01;684793,4982
13404646000186;E P FILHO COM E DISTRIBUICAO DE CARNES E PRODUTOS ALIM LTDA;RJ;CABO FRIO;SAO CRISTOVAO;-22,87;-42,01;684793,4982
4157214000127;EL SHADAY MERCADO  ACOUGUE E RESTAURANTE LTDA - ME.;RJ;CABO FRIO;SAO CRISTOVAO;-22,87;-42,01;684793,4982
13911878000120;ELENILDA REGINA MARINS GUIMARAES MERCEARIA ME.;RJ;CABO FRIO;MARIA JOAQUINA;-22,87;-42,01;684793,4982
19897866000175;FRUTAS COMERCIO ATACADISTA E VAREJO EIRELI - ME;RJ;CABO FRIO;JARDIM FLAMBOYANT;-22,87;-42,01;684793,4982
17461628000197;GA ABREU MERCEARIA.;RJ;CABO FRIO;JARDIM ESPERANCA;-22,87;-42,01;684793,4982
7539322000152;GREEN FRUIT NOVO MILENIO HORTIFRUTIGRANJEIROS LTDA;RJ;CABO FRIO;PARQUE RIVIERA;-22,87;-42,01;684793,4982
27849764000102;HORTIFRUTI CABO FRIO LTDA - EPP;RJ;CABO FRIO;JACARE;-22,87;-42,01;684793,4982
15111611000184;III CONCORDIA COMER E DISTRIBUICAO DE GENEROS ALIMENTICIOS L;RJ;CABO FRIO;TANGARA;-22,87;-42,01;684793,4982
19394731000197;JOSIVAN S DA SILVA PRODUTO ALIMENTICIOS ME.;RJ;CABO FRIO;PERO;-22,87;-42,01;684793,4982
5486954000170;LE MARCHE ALIMENTOS LTDA;RJ;CABO FRIO;JARDIM ESPERANCA;-22,87;-42,01;684793,4982
18459162000158;LUAR SUPERMERCADO COMERCIO DE ALIMENTOS LTDA ME;RJ;CABO FRIO;AQUARIUS;-22,87;-42,01;684793,4982
18459162000239;LUAR SUPERMERCADO COMERCIO DE ALIMENTOS LTDA-ME;RJ;CABO FRIO;SAMBURA TAMOIOS;-22,87;-42,01;684793,4982
11032546000140;M & F SUPERMERCADO E TRANSPORTE LTDA - ME;RJ;CABO FRIO;UNAMAR;-22,87;-42,01;684793,4982
8689466000158;M F M BARROS GENEROS ALIMENTICIOS;RJ;CABO FRIO;JARDIM ESPERANCA;-22,87;-42,01;684793,4982
2616090000175;MAX ONE SUPERMERCADO LTDA;RJ;CABO FRIO;JACARE;-22,87;-42,01;684793,4982
28314669000177;MERCADO CARIOQUEIRO EIRELI;RJ;CABO FRIO;AQUARIUS (TAMOIOS);-22,87;-42,01;684793,4982
14304366000169;MERCADO E PADARIA J J PONTES LTDA EPP;RJ;CABO FRIO;PARQUE BURLE;-22,87;-42,01;684793,4982
13537908000261;MERCADO E PADARIA L M LOUZADA LTDA;RJ;CABO FRIO;JARDIM PERO;-22,87;-42,01;684793,4982
26770002000153;MERCADO NV GUIMARAES LTDA - EPP;RJ;CABO FRIO;SAO CRISTOVAO;-22,87;-42,01;684793,4982
4129887000173;N G A MERCADO LTDA - EPP.;RJ;CABO FRIO;JARDIM ESPERANCA;-22,87;-42,01;684793,4982
27833615002603;PRINCESA AUTO SERVICO DE COMESTIVEIS LTDA;RJ;CABO FRIO;CENTRO;-22,87;-42,01;684793,4982
27833615002522;PRINCESA AUTO SERVICO DE COMESTIVEIS LTDA;RJ;CABO FRIO;JARDIM OLINDA;-22,87;-42,01;684793,4982
27833615001801;PRINCESA AUTO SERVICO DE COMESTIVEIS LTDA;RJ;CABO FRIO;CENTRO;-22,87;-42,01;684793,4982
10335385000100;R S ADOLPHO MERCADO E ACOUGUE;RJ;CABO FRIO;CELULA MATER;-22,87;-42,01;684793,4982
19657976000160;RENDE PACAS COMERCIO DE ALIMENTOS LTDA ME;RJ;CABO FRIO;UNAMAR;-22,87;-42,01;684793,4982
2084223000100;SO OFERTAS COMERCIO DE GENEROS ALIMENTICIOS LTDA;RJ;CABO FRIO;CENTRO;-22,87;-42,01;684793,4982
18374709000201;SOLAR SUPERMERCADO COMERCIO DE ALIMENTOS LTDA - ME;RJ;CABO FRIO;AQUARIUS (TAMOIOS);-22,87;-42,01;684793,4982
8626481000157;SUPERABRA REDE DISTRIBUIDORA DE ALIMENTOS LTDA - ME;RJ;CABO FRIO;UNAMAR;-22,87;-42,01;684793,4982
13051981000148;SUPERMERCADO BARCELOS LTDA;RJ;CABO FRIO;AQUARIUS;-22,87;-42,01;684793,4982
27050947000163;SUPERMERCADO ECONOMICO DE CABO FRIO LTDA;RJ;CABO FRIO;CENTRO;-22,87;-42,01;684793,4982
28843225000129;SUPERMERCADO IRMAOS LTDA;RJ;CABO FRIO;SAO CRISTOVAO;-22,87;-42,01;684793,4982
11714688000198;V V MENEZES MERCADO LTDA;RJ;CABO FRIO;SAO CRISTOVAO;-22,87;-42,01;684793,4982
14803772000257;W P MERCADO E PADARIA LTDA - ME;RJ;CABO FRIO;UNAMAR (TAMOIOS);-22,87;-42,01;684793,4982
7676699000153;MERCEARIA ECONOMAIS LTDA.;RJ;CACHOEIRAS DE MACACU;PARQUE SANTA LUIZA;-22,46;-42,65;285062,2587
28882587000129;MERCEARIA VIDAL LTDA.;RJ;CACHOEIRAS DE MACACU;JAPUIBA;-22,46;-42,65;285062,2587
32120263000120;ARMAZEM DEFANTI E VELASCO LTDA ME;RJ;CAMBUCI;CENTRO;-21,57;-41,91;93968,44026
5901292000157;UNICAM DE CAMBUCI GENEROS ALIMENTICIOS LTDA ME;RJ;CAMBUCI;FLORESTA;-21,57;-41,91;93968,44026
10393316000144;ABREU SUPERMERCADO LTDA;RJ;CAMPOS DOS GOYTACAZES;IPS;-21,75;-41,32;389547
8648358000137;CELSO C MANHAES;RJ;CAMPOS DOS GOYTACAZES;CENTRO;-21,75;-41,32;389547
12465011000126;CGM ALIMENTOS LTDA EPP;RJ;CAMPOS DOS GOYTACAZES;PARQUE AURORA;-21,75;-41,32;389547
27024494000109;G DE S INDUSTRIA DE MASSAS LTDA - ME;RJ;CAMPOS DOS GOYTACAZES;CENTRO;-21,75;-41,32;389547
10834199000298;HORTIFRUTI QUITANDINHA LTDA;RJ;CAMPOS DOS GOYTACAZES;CENTRO;-21,75;-41,32;389547
27456707000163;J. A. DE OLIVEIRA PRODUTOS ALIMENTICIOS - ME;RJ;CAMPOS DOS GOYTACAZES;DONANA;-21,75;-41,32;389547
15872124000134;K. R. M. SOBRINHO COMERCIO EIRELI;RJ;CAMPOS DOS GOYTACAZES;CUSTODOPOLIS;-21,75;-41,32;389547
26061062000105;L G H EMPREENDIMENTOS COMERCIAIS EIRELI ME;RJ;CAMPOS DOS GOYTACAZES;PARQUE CORRIENTES;-21,75;-41,32;389547
8343578000233;LUMIAR DE CAMPOS COMERCIAL DE ALIMENTOS LTDA;RJ;CAMPOS DOS GOYTACAZES;PARQUE LEBRET;-21,75;-41,32;389547
8343578000152;LUMIAR DE CAMPOS COMERCIAL DE ALIMENTOS LTDA - ME;RJ;CAMPOS DOS GOYTACAZES;PARQUE ELDORADO;-21,75;-41,32;389547
7577743000178;RANGEL E HENRIQUES COMERCIO DE GENEROS ALIMENTICIOS LTDA;RJ;CAMPOS DOS GOYTACAZES;PQE CORRIENTES;-21,75;-41,32;389547
4795044000106;SORETO MERCEARIA LTDA;RJ;CAMPOS DOS GOYTACAZES;PARQUE ALVORADA;-21,75;-41,32;389547
13405890000163;THOMESKAMP HORTIFRUTI LTDA ME;RJ;CAMPOS DOS GOYTACAZES;PARUQE JOAO MARIA;-21,75;-41,32;389547
10199766000109;VANUSA TAVARES DE OLIVEIRA-ME;RJ;CAMPOS DOS GOYTACAZES;PARQUE ROSARIO;-21,75;-41,32;389547
803210000118;MARCELAO INDUSTRIA E COMERCIO DE CEREAIS LTDA;RJ;CASIMIRO DE ABREU;CENTRO;-22,48;-42,2;125142,505
27833615002018;PRINCESA AUTO SERVICO DE COMESTIVEIS LTDA;RJ;CASIMIRO DE ABREU;CENTRO;-22,48;-42,2;125142,505
8109307000137;SANFRA COMERCIO E DISTRIBUIDORA LTDA;RJ;CASIMIRO DE ABREU;CENTRO;-22,48;-42,2;125142,505
8145755000196;RODRIGUES E FELIX COMERCIO DE CEREAIS LTDA EPP.;RJ;CONCEICAO DE MACABU;CENTRO;-22,08;-41,86;124192,3967
1190829000248;SUPERMERCADO CALIL DE CONCEICAO DE MACABU LTDA;RJ;CONCEICAO DE MACABU;VILA SAO JOSE;-22,08;-41,86;124192,3967
1190829000167;SUPERMERCADO CALIL DE CONCEICAO DE MACABU LTDA.;RJ;CONCEICAO DE MACABU;PARAISO;-22,08;-41,86;124192,3967
11345696000104;ACOUGUE & AVIARIO REBECA OLIVEIRA LTDA ME;RJ;DUQUE DE CAXIAS;ILA SANTA CRUZ;-22,78;-43,31;715089
24478068000149;ACOUGUE E MERCEARIA BIFAO 2016 EIRELI;RJ;DUQUE DE CAXIAS;CAMPOS ELISEOS;-22,78;-43,31;715089
1829249000177;CEREAIS MARREQUINHO DE NOVA CAMPINAS LTDA.;RJ;DUQUE DE CAXIAS;NOVA CAMPINAS;-22,78;-43,31;715089
20712456000191;CITY CARNES 25 DE AGOSTO MERCEARIA E LANCHONETE LTDA EPP;RJ;DUQUE DE CAXIAS;JARDIM VINTE E CINCO DE AGOSTO;-22,78;-43,31;715089
22597158000123;CITY CARNES SANTA CRUZ DA SERRA MERCEARIA E LANCHONETE LTDA.;RJ;DUQUE DE CAXIAS;VILA SANTA CRUZ;-22,78;-43,31;715089
8055326000128;FILE DE JARDIM PRIMAVERA MERCEARIA LTDA;RJ;DUQUE DE CAXIAS;JARDIM PRIMAVERA/CAMPOS ELISEOS;-22,78;-43,31;715089
36460970000389;LUANE DO PARQUE COLUMBIA MERCADO LTDA;RJ;DUQUE DE CAXIAS;CHACARAS ARCAMPO;-22,78;-43,31;715089
5494918000158;MATA ATLANTICA MERCADO LTDA - EPP.;RJ;DUQUE DE CAXIAS;IMBARIE;-22,78;-43,31;715089
20657396000151;MERCADO CASTANHA LTDA;RJ;DUQUE DE CAXIAS;JARDIM BALNEARIO ANA CLARA;-22,78;-43,31;715089
74048224000100;MERCADO NERIAH LTDA - ME;RJ;DUQUE DE CAXIAS;VILA MARIA HELENA;-22,78;-43,31;715089
12148067000157;MERCADO PADRAO NOVA PARADA LTDA.;RJ;DUQUE DE CAXIAS;PARADA ANGELICA;-22,78;-43,31;715089
8353768000150;MERCADO PARAISO DE XEREM LTDA;RJ;DUQUE DE CAXIAS;PARQUE XEREM;-22,78;-43,31;715089
21786968000165;MERCADO POPULAR DO JARDIM ANHANGA EIRELI;RJ;DUQUE DE CAXIAS;JARDIM ANHANGA;-22,78;-43,31;715089
334392000206;MERCADO REAL DE NOVA CAMPINAS LTDA - ME;RJ;DUQUE DE CAXIAS;NOVA CAMPINAS;-22,78;-43,31;715089
28834151000164;MERCADO TANGERINA LTDA;RJ;DUQUE DE CAXIAS;QUITATIVA;-22,78;-43,31;715089
14595187000128;MERCEARIA BELA VISTA DE XEREM LTDA ME;RJ;DUQUE DE CAXIAS;XEREM;-22,78;-43,31;715089
12803217000119;MERCEARIA CENTRAL DO AMAPA LTDA - ME;RJ;DUQUE DE CAXIAS;AMAPA;-22,78;-43,31;715089
5584565000187;MERCEARIA E BAZAR ROCHA DE XEREM LTDA - ME.;RJ;DUQUE DE CAXIAS;XEREM;-22,78;-43,31;715089
13459058000140;MERCEARIA ESTRELA DA PRIMAVERA LTDA EPP;RJ;DUQUE DE CAXIAS;JARDIM SANTANA DO PILAR;-22,78;-43,31;715089
8681707000112;MINI MERCADO TRADICAO DA PAULISTA LTDA ME.;RJ;DUQUE DE CAXIAS;PARQUE PAULISTA;-22,78;-43,31;715089
5131160000193;MINI-MERCADO VILA URASSAI EIRELI;RJ;DUQUE DE CAXIAS;VILA URUSSAI;-22,78;-43,31;715089
28094587000164;MINIMERCADO TEM TUDO SABARA LTDA;RJ;DUQUE DE CAXIAS;JARFIM PRIMAVERA;-22,78;-43,31;715089
9612750000199;PADARIA E MERCEARIA G&J LTDA - M;RJ;DUQUE DE CAXIAS;JARDIM IMBARIE;-22,78;-43,31;715089
33009911025395;SOUZA CRUZ LTDA;RJ;DUQUE DE CAXIAS;JARDIM GRAMACHO;-22,78;-43,31;715089
27742988000200;SUPERMERCADOS TAKY EIRELI;RJ;DUQUE DE CAXIAS;JARDIM GRAMACHO;-22,78;-43,31;715089
8450282000483;DISTRIBUIDORA DE PRODUTOS ASA BRANCA LTDA.;RJ;GUAPIMIRIM;CENTRO;-22,53;-42,98;196728,7067
7142743000145;LATICINIOS ALVES GOMES LTDA ME;RJ;GUAPIMIRIM;BARREIRA;-22,53;-42,98;196728,7067
29768702000444;VERONE DISTRIBUIDORA LTDA - EPP;RJ;GUAPIMIRIM;PAIOL;-22,53;-42,98;196728,7067
29768702000525;VERONE DISTRIBUIDORA LTDA - EPP;RJ;GUAPIMIRIM;PARADA MODELO;-22,53;-42,98;196728,7067
11631749000153;ARTHUR D MELLO SUPERMERCADO LTDA.;RJ;IGUABA GRANDE;CENTRO;-22,83;-42,22;60611,77355
11761060000224;FIDELIS DISTRIBUIDORA DE PRODUTOS ALIMENT LTDA.;RJ;IGUABA GRANDE;ARRASTAO;-22,83;-42,22;60611,77355
5234808000157;IGUABA COMERCIO DE GENEROS ALIMENTICIOS LTDA;RJ;IGUABA GRANDE;CENTRO;-22,83;-42,22;60611,77355
23352716000153;NL FONTES DISTRIBUIDORA DE PRODUTOS ALIMENTICIOS LTDA;RJ;IGUABA GRANDE;CIDADE NOVA;-22,83;-42,22;60611,77355
27833615003090;PRINCESA AUTO SERVICO DE COMESTIVEIS LTDA;RJ;IGUABA GRANDE;CENTRO;-22,83;-42,22;60611,77355
20402775000109;A V S DE ITABORAI MERCEARIA EIRELI - ME.;RJ;ITABORAI;JOAO CAETANO (ITAMBI);-22,74;-42,85;1001956,542
23571715000108;C & R SUPERMERCADO ITABORAI LTDA EPP;RJ;ITABORAI;CENTRO;-22,74;-42,85;1001956,542
22807060000153;C O L RIO MERCADO EIRELI.;RJ;ITABORAI;NOVA CIDADE;-22,74;-42,85;1001956,542
10438370000240;COMPRE MAIS AUTO SERVICO LTDA;RJ;ITABORAI;CENTRO;-22,74;-42,85;1001956,542
10438370001130;COMPRE MAIS AUTO SERVICO LTDA;RJ;ITABORAI;ITABORAI;-22,74;-42,85;1001956,542
10438370000401;COMPRE MAIS AUTO SERVICO LTDA;RJ;ITABORAI;JARDIM FLORESTA MANILHA;-22,74;-42,85;1001956,542
13126932000208;MANAUS 1183 MERCEARIA LTDA EPP FILIAL;RJ;ITABORAI;MANILHA;-22,74;-42,85;1001956,542
1006952000185;MERCADINHO LEICAR LTDA;RJ;ITABORAI;RIO VARZEA;-22,74;-42,85;1001956,542
13326139000171;MERCEARIA NOVA ITABORAI LTDA;RJ;ITABORAI;AMPLIACAO;-22,74;-42,85;1001956,542
26425468000383;MGF ATACAREJO LTDA;RJ;ITABORAI;CENTRO;-22,74;-42,85;1001956,542
12502505000133;MILLENIUM SUPERMERCADOS LTDA ME;RJ;ITABORAI;AMPLIACAO;-22,74;-42,85;1001956,542
18404652000157;MOURA E MORAIS COMERCIO DE ALIMENTOS LTDA;RJ;ITABORAI;CENTRO;-22,74;-42,85;1001956,542
13326451000165;NOVO MERCADO CANTELMO 2012 LTDA;RJ;ITABORAI;AMPLIACAO;-22,74;-42,85;1001956,542
13967018000290;RANGEL COMERCIO ATACADISTA DE GENEROS ALIMENTICIOS LTDA;RJ;ITABORAI;RIO VARZEA;-22,74;-42,85;1001956,542
11569109000160;SUPERMERCADO DESCONTAO LTDA;RJ;ITABORAI;AMPLIACAO;-22,74;-42,85;1001956,542
26434777000158;TUTY BONY COMERCIO DE PRODUTOS ALIMENTICIOS LTDA - EPP;RJ;ITABORAI;OUTEIRO DAS PEDRAS;-22,74;-42,85;1001956,542
22723307000153;W R NETOS ACOUGUE E MERCEARIA LTDA;RJ;ITABORAI;APOLO II;-22,74;-42,85;1001956,542
19964194000173;COMERCIO DE CARNES E DERIVADOS JCA LTDA.;RJ;ITAGUAI;CENTRO;-22,85;-43,77;422356,4337
30245542000195;FRIGORIFICO BEIJA FLOR COM ATAC E VAR DE PROD ALIM LTDA EPP;RJ;ITAGUAI;CENTRO;-22,85;-43,77;422356,4337
3017244000175;RIO MAR DE ITAGUAI COMERCIO DE PRODUTOS ALIMENTICIOS LTDA;RJ;ITAGUAI;BAIRRO DO ENGENHO;-22,85;-43,77;422356,4337
20467389000197;AR COMERCIO DE PRODUTOS ALIMENTICIOS LTDA;RJ;ITAOCARA;JAGUAREMBE;-21,67;-42,08;156543,7536
20467389000278;AR COMERCIO DE PRODUTOS ALIMENTICIOS LTDA.;RJ;ITAOCARA;CAXIAS;-21,67;-42,08;156543,7536
29618089000306;COOPERATIVA AGRO PECUARIA DE ITAOCARA LTDA;RJ;ITAOCARA;CENTRO;-21,67;-42,08;156543,7536
3394949000101;NOE G DE SOUZA;RJ;ITAOCARA;LARANJAIS;-21,67;-42,08;156543,7536
3394949000292;NOE G DE SOUZA..;RJ;ITAOCARA;CENTRO;-21,67;-42,08;156543,7536
8667022000111;SUPERMERCADO AVISTAO ITAOCARENSE LTDA EPP.;RJ;ITAOCARA;CENTRO;-21,67;-42,08;156543,7536
32336794001046;SUPERMERCADO FLUMINENSE DE ITAPERUNA LTDA-.;RJ;ITAOCARA;ESTRADA PORTELA;-21,67;-42,08;156543,7536
68726017000164;ITALMENARA COMERCIO DE CEREAIS LTDA;RJ;ITAPERUNA;PRES. COSTA E SILVA;-21,2;-41,88;542640,3704
8202709000181;J P R COUTINHO MERCEARIA LTDA ME;RJ;ITAPERUNA;CENTRO;-21,2;-41,88;542640,3704
15152313000132;QUALITY 617 DIST C DE CARNES BEBIDAS EIRELI - ME;RJ;ITAPERUNA;MARECHAL CASTELO BRANCO;-21,2;-41,88;542640,3704
32336794000317;SUPERMERCADO FLUMINENSE DE ITAPERUNA LTDA;RJ;ITAPERUNA;PRES COSTA E SILVA;-21,2;-41,88;542640,3704
32336794000589;SUPERMERCADO FLUMINENSE DE ITAPERUNA LTDA ;RJ;ITAPERUNA;CEHAB;-21,2;-41,88;542640,3704
32336794000406;SUPERMERCADO FLUMINENSE DE ITAPERUNA LTDA-;RJ;ITAPERUNA;VINHOSA;-21,2;-41,88;542640,3704
32336794000155;SUPERMERCADO FLUMINENSE DE ITAPERUNA LTDA.;RJ;ITAPERUNA;NITEROI;-21,2;-41,88;542640,3704
32336794000740;SUPERMERCADO FLUMINENSE DE ITAPERUNA LTDA. ;RJ;ITAPERUNA;CENTRO;-21,2;-41,88;542640,3704
32336794000821;SUPERMERCADO FLUMINENSE DE ITAPERUNA LTDA.-;RJ;ITAPERUNA;CIDADE NOVA;-21,2;-41,88;542640,3704
32336794000660;SUPERMERCADO FLUMINENSE DE ITAPERUNA LTDA..;RJ;ITAPERUNA;AEROPORTO;-21,2;-41,88;542640,3704
5252826000161;TEIXEIRAO COMERCIAL LTDA.;RJ;ITAPERUNA;NITEROI;-21,2;-41,88;542640,3704
27828533000112;WOXITON LUIZ M. SIMOES EIRELI-ME;RJ;ITAPERUNA;AEROPORTO;-21,2;-41,88;542640,3704
22777133000101;A.D.BRASIL MINIMERCADO LTDA - ME;RJ;JAPERI;NOVA BELEM;-22,64;-43,65;456226,4604
11807527000149;ACTS MERCEARIA E PADARIA LTDA.;RJ;MACAE;BALNEARIO LAGOMAR;-22,37;-41,78;740662,5667
23844708000124;ALFA SUPERMERCADO - EIRELI;RJ;MACAE;SOL E MAR;-22,37;-41,78;740662,5667
32018491000194;ALIMINAS ALIMENTACAO INDUSTRIAL LTDA;RJ;MACAE;NOVO CAVALEIROS;-22,37;-41,78;740662,5667
72392434000195;AVENIDA SERRAMAR LTDA EPP;RJ;MACAE;CORREGO DO OURO;-22,37;-41,78;740662,5667
10481246000186;BLACK GOLD ALIMENTOS LTDA.;RJ;MACAE;ALTO CAJUEIRO;-22,37;-41,78;740662,5667
8472686000206;CAMPOS PAVANI DE MACAE COMERCIO DE ALIMENTOS LTDA;RJ;MACAE;AJUDA DE BAIXO;-22,37;-41,78;740662,5667
24360959000104;CASTELO RODRIGUES ACO E MERCE EIRELI;RJ;MACAE;PQ AEROPORTO;-22,37;-41,78;740662,5667
8455029000170;COSTA COMPACTO COMERCIO DE PRODUTOS ALIMENTICIOS LTDA - EPP;RJ;MACAE;CENTRO;-22,37;-41,78;740662,5667
20548393000180;H H MURAYAMA HORTIFRUTI LTDA - EPP;RJ;MACAE;GRANJA DOS CAVALEIROS;-22,37;-41,78;740662,5667
26597455000200;HORTIFRUTI SACOLAO ASA LTDA - ME;RJ;MACAE;VISCONDE DE ARAUJO;-22,37;-41,78;740662,5667
26597455000120;HORTIFRUTI SACOLAO ASA LTDA ME;RJ;MACAE;PARQUE AEROPORTO;-22,37;-41,78;740662,5667
30666051000118;IRMAOS FRAGOSO E CIA LTDA EPP;RJ;MACAE;PARQUE AEROPORTO;-22,37;-41,78;740662,5667
36291144000191;JORGE DE OLIVEIRA MARTINS ME;RJ;MACAE;TRAPICHE;-22,37;-41,78;740662,5667
19844685000180;JOSE RONALDO DE SOUSA LIMA 02559386160;RJ;MACAE;IMBURO;-22,37;-41,78;740662,5667
39690284000120;KATIA BACELLAR OLIVE MARINS ME;RJ;MACAE;AROEIRA;-22,37;-41,78;740662,5667
4877523000171;LUPAUMAX MERCADO E ACOUGUE LTDA ME;RJ;MACAE;VISCONDE DE ARAUJO;-22,37;-41,78;740662,5667
20815576000114;M L ZIELINSKI LANCHONETE E CONVENIENCIA;RJ;MACAE;SOL E MAR;-22,37;-41,78;740662,5667
17347555000107;MARCOS E MARCOS SUPERMERCADO LTDA-ME;RJ;MACAE;LAGOA;-22,37;-41,78;740662,5667
13638717000105;MERCADO 01 VITORIA LTDA ME.;RJ;MACAE;GRANJA DOS CAVALEIROS;-22,37;-41,78;740662,5667
25062218000100;MERCEARIA TRAPICHE LTDA - ME;RJ;MACAE;TRAPICHE;-22,37;-41,78;740662,5667
19863306000108;MINI MERCADO MOTIVA LTDA - EPP;RJ;MACAE;VISCONDE DE ARAUJO;-22,37;-41,78;740662,5667
23896646000102;MJC MERCEARIA E ACOUGUE LTDA EPP;RJ;MACAE;LAGOMAR;-22,37;-41,78;740662,5667
35833649000178;MJV OLIVEIRA MERCEARIA E ABATEDOURO ME.;RJ;MACAE;AEROPORTO;-22,37;-41,78;740662,5667
1235391000196;O LUIZ DE SOUZA;RJ;MACAE;NOVA HOLANDA;-22,37;-41,78;740662,5667
6790215000130;PINHEIRO BRANCO MOTA DISTRIBUIDORA DE ALIMENTOS;RJ;MACAE;COSTA DO SOL;-22,37;-41,78;740662,5667
13952377000192;R DE JESUS COMERCIO E SERVICOS DE MACAE ME;RJ;MACAE;AJUDA;-22,37;-41,78;740662,5667
7652822000104;R L DE SOUZA ALIMENTOS -ME;RJ;MACAE;LAGOMAR;-22,37;-41,78;740662,5667
39707427000160;S FIGUEIRA DA SILVA FILHO DISTRIBUIDORA;RJ;MACAE;JARDIM SOL E MAR;-22,37;-41,78;740662,5667
24402991000105;S VIEIRA E CIA LTDA - ME;RJ;MACAE;IMBURO;-22,37;-41,78;740662,5667
68641935000190;SACOLAO RAINHA DE HOTIFRUTIGRANJEIROS LTDA;RJ;MACAE;CENTRO;-22,37;-41,78;740662,5667
35824374000106;SCHUINDT E MACHADO LTDA;RJ;MACAE;AROEIRA;-22,37;-41,78;740662,5667
7359966000169;SO OFERTAS SUPERMERCADO LTDA;RJ;MACAE;CENTRO;-22,37;-41,78;740662,5667
26579272000181;SOUZA E BARREIRA COMERCIO LTDA ME;RJ;MACAE;PARQUE AEROPORTO;-22,37;-41,78;740662,5667
5787892000136;SUPERMERCADO DOIS IRMAOS DA ARUEIRA LTDA EPP;RJ;MACAE;ARUEIRA;-22,37;-41,78;740662,5667
18869111000102;SUPERMERCADO TALON PEDROSA LTDA.;RJ;MACAE;SAO JOSE DO BARRETO;-22,37;-41,78;740662,5667
23329763000186;VIEIRA E VIEIRA SUPERMERCADO LTDA;RJ;MACAE;BARRA DE MACAE;-22,37;-41,78;740662,5667
27903872000116;W GOMES DE ALMEIDA HORTIFRUTI E MERCADO - ME;RJ;MACAE;GLORIA;-22,37;-41,78;740662,5667
9722020000140;WOXITON LUIZ MELO SIMOES;RJ;MACAE;BARRA DE MACAE;-22,37;-41,78;740662,5667
26494046000106;AURA MERCEARIA EIRELI - ME;RJ;MAGE;PICO (SANTO ALEIXO);-22,65;-43,04;1225494,394
17216750000106;BOM PRECO DA GUARANI LTDA ME;RJ;MAGE;INHOMIRIM ( PIABETA );-22,65;-43,04;1225494,394
14234958000151;CITY CARNES MERCEARIA E LANCHONETE LTDA - ME;RJ;MAGE;PIABETA;-22,65;-43,04;1225494,394
7879508000150;M M DE FRAGOSO COMESTIVEIS LTDA;RJ;MAGE;FRAGOSO;-22,65;-43,04;1225494,394
21476954000145;MERCADO MUNDIAL DE MAGE EIRELI;RJ;MAGE;PIABETA (INHOMIRIM);-22,65;-43,04;1225494,394
22666196000190;MERCADO SANTIAGO EIRELI.;RJ;MAGE;GANDE;-22,65;-43,04;1225494,394
12027650000100;NOVA OPCAO DE MAUA CEREAIS LTDA.;RJ;MAGE;MAUA;-22,65;-43,04;1225494,394
11177182000197;POP LAR DE MAUA LTDA ME;RJ;MAGE;CENTRO;-22,65;-43,04;1225494,394
9134912000120;SUPERMERCADO TRIUNFO DE MAGE EIRELI ME;RJ;MAGE;JARDIM SURUI;-22,65;-43,04;1225494,394
29768702000100;VERONE DISTRIBUIDORA LTDA - EPP;RJ;MAGE;ANDORINHAS (SANTO ALEIXO);-22,65;-43,04;1225494,394
29768702000282;VERONE DISTRIBUIDORA LTDA - EPP;RJ;MAGE;VILA VELHA (SANTO ALEIXO);-22,65;-43,04;1225494,394
19451763000187;ARMAZEM IMPERIAL DE MANGARATIBA LTDA ME;RJ;MANGARATIBA;IBICUI;-22,96;-44,04;128782,4122
23974342000108;FELIX MERCADO EIRELI;RJ;MANGARATIBA;CONCEICAO DE JACAREI;-22,96;-44,04;128782,4122
4600156000164;FONTE DA ESPERANCA DE ITACURUCA COM E SERV EIRELI - ME;RJ;MANGARATIBA;ITACURUCA;-22,96;-44,04;128782,4122
19966010000104;JD EIRA COMERCIO E TRANSPORTE LTDA.;RJ;MANGARATIBA;EL RANCHITO;-22,96;-44,04;128782,4122
17386414000101;JM LISAMAR SUPERMERCADO LTDA;RJ;MANGARATIBA;CONCEICAO DE JACAREI;-22,96;-44,04;128782,4122
16581132000194;LF MERCADO LTDA;RJ;MANGARATIBA;CONCEICAO DE JACAREI;-22,96;-44,04;128782,4122
9567039000160;MERCADO IDEAL DE JACAREI LTDA ME;RJ;MANGARATIBA;CONCEICAO DE JACAREI;-22,96;-44,04;128782,4122
8995681000187;ALS DE INOA MERCEARIA LTDA;RJ;MARICA;INOA;-22,91;-42,81;392953,9589
28769373000140;DELICIAS CANDY ATACADISTA DE ALIMENTOS EIRELI;RJ;MARICA;INOA;-22,91;-42,81;392953,9589
12968606000102;DISTRIBUIDORA COMERCIAL SUMMER LTDA;RJ;MARICA;ITAIPUACU;-22,91;-42,81;392953,9589
12968606000285;DISTRIBUIDORA COMERCIAL SUMMER LTDA-;RJ;MARICA;ITAIPUACU;-22,91;-42,81;392953,9589
12968606000366;DISTRIBUIDORA COMERCIAL SUMMER LTDA.;RJ;MARICA;ITAIPUACU;-22,91;-42,81;392953,9589
17279185000118;GDA FERREIRA MINIMERCADO PONTA NEGRA;RJ;MARICA;PONTA NEGRA;-22,91;-42,81;392953,9589
26421190000295;LMP ATACAREJO - EIRELI.;RJ;MARICA;INOA;-22,91;-42,81;392953,9589
7253907000101;MERCEARIA VIMARKET LTDA;RJ;MARICA;ITAIPUACU;-22,91;-42,81;392953,9589
28782266000152;MERO INDUSTRIA E COMERCIO DE PESCADOS LTDA-ME;RJ;MARICA;SAO JOSE DE IMBASSAI;-22,91;-42,81;392953,9589
8605654000150;OLA OFERTAS COMERCIO VAREJISTA DE ALIMENTOS LTDA;RJ;MARICA;ITAPEBA;-22,91;-42,81;392953,9589
11885963000136;OLA OFERTAS MERCEARIA DE MARICA LTDA;RJ;MARICA;PARQUE ELDORADO;-22,91;-42,81;392953,9589
1446960000142;POINT 34 BAZAR E ALIMENTOS LTDA;RJ;MARICA;JARDIM ATLANTICO;-22,91;-42,81;392953,9589
27833615001631;PRINCESA AUTO SERVICO DE COMESTIVEIS LTDA;RJ;MARICA;CENTRO;-22,91;-42,81;392953,9589
27833615001550;PRINCESA AUTO SERVICO DE COMESTIVEIS LTDA;RJ;MARICA;CENTRO;-22,91;-42,81;392953,9589
12593698000185;S R 7 MINIMERCADO LTDA - ME;RJ;MARICA;CORDEIRINHO (PONTA NEGRA);-22,91;-42,81;392953,9589
23891352000180;SMR SUPERMERCADO EIRELI;RJ;MARICA;SAO JOSE DO IMBASSAI;-22,91;-42,81;392953,9589
12526735000213;SUBLIMIS SUPERMERCADO LTDA;RJ;MARICA;GUARAPINA;-22,91;-42,81;392953,9589
12526735000132;SUBLIMIS SUPERMERCADO LTDA.;RJ;MARICA;SAO JOSE DE IMBASSAI;-22,91;-42,81;392953,9589
19036019000116;SUPERMERCADO FRAUCHES LTDA;RJ;MARICA;ARACATIBA;-22,91;-42,81;392953,9589
25154767000104;SUPERMERCADO PHENIX DE PONTA NEGRA EIRELI;RJ;MARICA;GUARAPINA;-22,91;-42,81;392953,9589
25154767000287;SUPERMERCADO PHENIX DE PONTA NEGRA EIRELI - EPP;RJ;MARICA;ARACATIBA;-22,91;-42,81;392953,9589
19347801000156;SUPERMIX ATACADISTA E VAREJISTA DE GENEROS ALIMENTICIOS LTDA;RJ;MARICA;ITAPEBA;-22,91;-42,81;392953,9589
28241123000486;J RAMOS & FILHOS LTDA;RJ;MIRACEMA;CENTRO;-21,41;-42,19;150858,0026
32336794000902;SUPERMERCADO FLUMINENSE DE ITAPERUNA LTDA -;RJ;MIRACEMA;CENTRO;-21,41;-42,19;150858,0026
28223386000110;SUPERMERCADO SANSAO LTDA;RJ;NATIVIDADE;LIBERDADE;-21,04;-41,97;91302,79315
26765355000165;ACOUGUE E MERCEARIA MEGA BOI DA PRACA 2016 EIRELI - ME;RJ;NILOPOLIS;CENTRO;-22,8;-43,41;966313,3187
10438370000592;COMPRE MAIS AUTO SERVICO LTDA;RJ;NITEROI;MARAVISTA ITAIPU;-22,88;-43,1;450364
10438370000673;COMPRE MAIS AUTO SERVICO LTDA;RJ;NITEROI;SAPE;-22,88;-43,1;450364
15637836000179;DISTRIBUIDORA COMERCIAL CEAG LTDA - EPP;RJ;NITEROI;BARRETO;-22,88;-43,1;450364
9483509000107;GRAN MIX MERCEARIA LTDA ME;RJ;NITEROI;BARRETO;-22,88;-43,1;450364
11032392000197;LGE COMERCIO DE GENEROS ALIMENTICIOS LTDA EPP.;RJ;NITEROI;SAO FRANCISCO;-22,88;-43,1;450364
11032392000278;LGE COMERCIO DE GENEROS ALIMENTICIOS LTDA.;RJ;NITEROI;ITAIPU;-22,88;-43,1;450364
11062927000172;M.M.& FILHOS COMERCIO DE PRODUTOS ALIMENTICIOS LTDA.;RJ;NITEROI;SANTA ROSA;-22,88;-43,1;450364
28452026000190;MERCADO 2 AMIGOS EIRELI ME;RJ;NITEROI;ENGENHOCA;-22,88;-43,1;450364
30330328000137;MERCADO CENTRAL ARARIBOIA LTDA;RJ;NITEROI;FONSECA;-22,88;-43,1;450364
28593597000144;MERCADO DO BAIRRO QUATRO LTDA;RJ;NITEROI;FONSECA;-22,88;-43,1;450364
7984769000130;MERCADO HEXA E TAL COMERCIO DE ALIMENTOS LTDA ME;RJ;NITEROI;ENGENHOCA;-22,88;-43,1;450364
32049702000156;MERCEARIA KNUPP LTDA - ME;RJ;NITEROI;SANTA BARBARA;-22,88;-43,1;450364
30118426000105;MERCEARIA LONGOS VALES LTDA.;RJ;NITEROI;BARRETO;-22,88;-43,1;450364
29773587000153;MERCEARIA MERIDIONAL LTDA.;RJ;NITEROI;SANTA BARBARA;-22,88;-43,1;450364
14519108000108;SAO BENTO GENEROS ALIMENTICIOS LTDA;RJ;NITEROI;ICARAI;-22,88;-43,1;450364
12024521000249;SUPERMERCADO MASTER 2010 LTDA;RJ;NITEROI;FONSECA;-22,88;-43,1;450364
23105401000101;SUPERMERCADO MASTER 2015 LTDA;RJ;NITEROI;BARRETO;-22,88;-43,1;450364
25034941000177;VG MINIMERCADO DOS PESCADOS EIRELI;RJ;NITEROI;CENTRO;-22,88;-43,1;450364
22773132000199;W BORGES DE AGUIAR MERCADO GARIBALDE;RJ;NITEROI;CARAMUJO;-22,88;-43,1;450364
28917877000160;A C H CORRAL - MERCEARIA;RJ;NOVA FRIBURGO;SALINAS;-22,28;-42,53;1140286,953
10482618000199;A RIBEIRO COIMBRA;RJ;NOVA FRIBURGO;CONSELHEIRO PAULINO;-22,28;-42,53;1140286,953
1841072000124;CORNELIA CLAUDIA HENRICHS CORRAL.;RJ;NOVA FRIBURGO;SALINAS;-22,28;-42,53;1140286,953
19789326000178;D S PIMENTA PEIXARIA - ME;RJ;NOVA FRIBURGO;CONSELHEIRO PAULINO;-22,28;-42,53;1140286,953
29215555000132;GERALDO AQUILES OUVERNEY;RJ;NOVA FRIBURGO;LUMIAR;-22,28;-42,53;1140286,953
11820069000188;J PINTO COMERCIO DE ALIMENTOS LTDA;RJ;NOVA FRIBURGO;SAO GERALDO;-22,28;-42,53;1140286,953
10885723000179;LUCCAS H DOS SANTOS MINIMERCADO EIRELI - EPP;RJ;NOVA FRIBURGO;NOVA SUICA;-22,28;-42,53;1140286,953
8242628000105;M. ANTONIO SARAIVA-MERCEARIA E ACOUGUE LTDA;RJ;NOVA FRIBURGO;VARGINHA;-22,28;-42,53;1140286,953
13036147000426;MEGAFRIO COMERCIO E INDUSTRIA DE CARNES LTDA - EPP;RJ;NOVA FRIBURGO;CENTRO;-22,28;-42,53;1140286,953
13036147000183;MEGAFRIO COMERCIO E INDUSTRIA DE CARNES LTDA EPP;RJ;NOVA FRIBURGO;PAYSANDU;-22,28;-42,53;1140286,953
23765450000170;MERCADO BOM PRECO COM VAREJ DE MERC EM GERAL LTDA ME;RJ;NOVA FRIBURGO;TERCEIRO;-22,28;-42,53;1140286,953
3925746000102;QUEM VEM EM MURY GAMA SUPERMERCADO LTDA.;RJ;NOVA FRIBURGO;MURY;-22,28;-42,53;1140286,953
18919502000186;REINAR COMERCIO DE ALIMENTOS EIRELI;RJ;NOVA FRIBURGO;CENTRO;-22,28;-42,53;1140286,953
16782151000189;SPR COM DE PRODUTOS ALIMENTICIOS EIRELI;RJ;NOVA FRIBURGO;PERISSE;-22,28;-42,53;1140286,953
834279000109;SUPERMERCADOS TIO DONGO LTDA EPP;RJ;NOVA FRIBURGO;CONSELHEIRO PAULINO;-22,28;-42,53;1140286,953
834279000290;SUPERMERCADOS TIO DONGO LTDA EPP;RJ;NOVA FRIBURGO;CONSELHEIRO PAULINO;-22,28;-42,53;1140286,953
7778851000109;VIEIRA REDER COMERCIO DE HORTIFRUTIGRANJEIROS LTDA;RJ;NOVA FRIBURGO;CENTRO;-22,28;-42,53;1140286,953
11924197000171;ACOUGUE CENTRAL DE CABUCU LTDA - ME;RJ;NOVA IGUACU;CABUCU;-22,75;-43,45;826188
4715430000140;ACOUGUE IGUACU DO MARCO DOIS LTDA ME;RJ;NOVA IGUACU;MARCO;-22,75;-43,45;826188
26301876000161;AD BRASIL ACOUGUE LTDA - ME;RJ;NOVA IGUACU;COMENDADOR SOARES;-22,75;-43,45;826188
26980890000139;AM DE OLIVEIRA COMERCIO DE CARNES E FRIOS - ME;RJ;NOVA IGUACU;AUSTIN;-22,75;-43,45;826188
17851326000125;BIFE DE ELITE COMERCIO DE CARNES LTDA - ME;RJ;NOVA IGUACU;VALVERDE;-22,75;-43,45;826188
17906565000135;CLEONICE MARQUES COSTA MERCEARIA E LANCHONETE LTDA - ME;RJ;NOVA IGUACU;PARAISO;-22,75;-43,45;826188
17437030000162;E M W ACOUGUE LTDA - ME;RJ;NOVA IGUACU;CABUCU;-22,75;-43,45;826188
22703079000150;L DOS SANTOS MARTINS AVIARIO;RJ;NOVA IGUACU;ROSA DOS VENTOS;-22,75;-43,45;826188
21604696000135;M K HORTIFRUTI DE NOVA IGUACU LTDA - ME;RJ;NOVA IGUACU;COMENDADOR SOARES;-22,75;-43,45;826188
29081029000127;MERCADO ADONAI DO KM 32 LTDA;RJ;NOVA IGUACU;KM 32;-22,75;-43,45;826188
22328529000171;MERCADO BRASAO 2014 EIRELI - ME;RJ;NOVA IGUACU;ALTO DA POSSE;-22,75;-43,45;826188
31970429000135;MERCEARIA DO SASSARICO LTDA - ME;RJ;NOVA IGUACU;ANDRADE DE ARAUJO;-22,75;-43,45;826188
5368841000170;MINI MERCADO FORTALEZA DO PARAISO LTDA - EPP;RJ;NOVA IGUACU;PARAISO;-22,75;-43,45;826188
23507360000180;MJ COMERCIO VAREJISTA ALIMENTOS LTDA - ME;RJ;NOVA IGUACU;CAMPO ALEGRE;-22,75;-43,45;826188
22965384000110;T. P. MANSUR MERCEARIA - ME;RJ;NOVA IGUACU;CABUCU;-22,75;-43,45;826188
16787097000164;V.S.F. MERCADO DE VILA DE CAVA EIRELI - ME;RJ;NOVA IGUACU;ENGENHEIRO ROCHA FREIRE;-22,75;-43,45;826188
11251254000441;CEREAIS GEHREN COMERCIO DE ALIMENTOS LTDA.;RJ;PETROPOLIS;ALTO DA SERRA;-22,5;-43,17;1728313,86
18164044000112;SUPER PRADO COMERCIO DE ALIMENTOS EIRELI-EPP;RJ;PETROPOLIS;CORREAS;-22,5;-43,17;1728313,86
39217583000142;CRUZ   GOUVEA & CIA LTDA;RJ;PORCIUNCULA;CENTRO;-20,96;-42,04;95944,71918
13445418000154;SUPERMERCADO SAO SEBASTIAO DE PORCIUNCULA LTDA.;RJ;PORCIUNCULA;CENTRO;-20,96;-42,04;95944,71918
28891624000165;A A DE AZEVEDO SILVEIRA COMERCIO VAREJISTA DE CARNES;RJ;QUEIMADOS;CENTRO;-22,71;-43,55;727827,1365
15403844000150;ACOUGUE VITORIA LTDA - ME;RJ;QUEIMADOS;CENTRO;-22,71;-43,55;727827,1365
13065191000111;RS MERCADO VAREJISTA LTDA - EPP;RJ;QUEIMADOS;CENTRO;-22,71;-43,55;727827,1365
28108298000177;311 HAMILTON IMPORTACAO E EXPORTACAO EIRELI - ME;RJ;RIO BONITO;BELA VISTA;-22,7;-42,62;296387,9436
27654565000149;MERCEARIA DIPLOMATA LTDA.;RJ;RIO BONITO;CENTRO;-22,7;-42,62;296387,9436
26425468000200;MGF ATACAREJO LTDA.;RJ;RIO BONITO;CENTRO;-22,7;-42,62;296387,9436
40404683000167;MINI MERCADO EBENEZES LTDA ME;RJ;RIO BONITO;BOA ESPERANCA;-22,7;-42,62;296387,9436
27857730000160;RB FRUTAS E ALIMENTOS EIRELI;RJ;RIO BONITO;CENTRO;-22,7;-42,62;296387,9436
29070498000140;RT SOLUCOES E SERVICOS LTDA;RJ;RIO BONITO;CENTRO;-22,7;-42,62;296387,9436
4974643000197;TINOCO E MENDONCA AUTO SERVICO LTDA ME.;RJ;RIO BONITO;CENTRO;-22,7;-42,62;296387,9436
10794037000192;CARLOS VINICIUS BR PAIXAO ME;RJ;RIO DAS OSTRAS;JARDIM MARILEIA;-22,52;-41,94;187211,4387
10536093000127;CARVALHO CORREIA MERCADO E ACOUGUE LTDA;RJ;RIO DAS OSTRAS;ANCORA;-22,52;-41,94;187211,4387
14568548000228;CLASSICOS COMERCIO DE ALIMENTOS LTDA;RJ;RIO DAS OSTRAS;NOVO RIO DAS OSTRAS;-22,52;-41,94;187211,4387
25311480000132;CONTROLE COMERCIO DE ALIMENTOS LTDA;RJ;RIO DAS OSTRAS;CIDADE PRAIANA;-22,52;-41,94;187211,4387
25367530000101;DISCAPEL RIO DAS OSTRAS LTDA - ME;RJ;RIO DAS OSTRAS;CENTRO;-22,52;-41,94;187211,4387
26414785000132;E R GOMES E MENDES MERCEARIA LTDA.;RJ;RIO DAS OSTRAS;JARDIM MARILEA;-22,52;-41,94;187211,4387
11670482000103;G B LUZ MERCADO LTDA;RJ;RIO DAS OSTRAS;RES PRAIA ANCORA;-22,52;-41,94;187211,4387
3479374000120;JEOVANI COMERCIO DE GENEROS ALIMENTICIOS LTDA;RJ;RIO DAS OSTRAS;JARDIM CAMPOMAR;-22,52;-41,94;187211,4387
27350851000110;LIMA E TRIGUEIRO COMERCIAL LTDA - ME;RJ;RIO DAS OSTRAS;COSTAZUL;-22,52;-41,94;187211,4387
4610631000183;MERCADO MAR DO NORTE LTDA ME;RJ;RIO DAS OSTRAS;MAR DO NORTE;-22,52;-41,94;187211,4387
23887274000140;MERCADO POR DO SOL DE RIO DAS OSTRAS LTDA - EPP;RJ;RIO DAS OSTRAS;JARDIM MARILEA;-22,52;-41,94;187211,4387
7414757000170;MERCEARIA FERNANDES DE RIO DAS OSTRAS LTDA;RJ;RIO DAS OSTRAS;CIDADE PRAIANA;-22,52;-41,94;187211,4387
40169278000101;MINIMERCADO DOIS IRMAOS COSTA AZUL LTDA ME;RJ;RIO DAS OSTRAS;COSTA AZUL;-22,52;-41,94;187211,4387
24687732000160;MORENO E MONTEIRO MERCEARIA E PANIFICACAO LTDA - ME;RJ;RIO DAS OSTRAS;RECREIO;-22,52;-41,94;187211,4387
25062554000144;N S MERCADO CARIOCA LTDA - ME;RJ;RIO DAS OSTRAS;JARDIM MIRAMAR;-22,52;-41,94;187211,4387
8878246000172;NF-E EMITIDA EM AMBIENTE DE HOMOLOGACAO - SEM VALOR FISCAL;RJ;RIO DAS OSTRAS;ANCORA;-22,52;-41,94;187211,4387
3182724000191;NF-E EMITIDA EM AMBIENTE DE HOMOLOGACAO - SEM VALOR FISCAL;RJ;RIO DAS OSTRAS;LIBERDADE;-22,52;-41,94;187211,4387
20852670000143;PORTINARI MINI MERCADO CIDADE PRAIANA LTDA - ME;RJ;RIO DAS OSTRAS;JARDIM MIRAMAR;-22,52;-41,94;187211,4387
27833615001712;PRINCESA AUTO SERVICO DE COMESTIVEIS LTDA ;RJ;RIO DAS OSTRAS;CENTRO;-22,52;-41,94;187211,4387
39233184000175;R A GENRO MERCEARIA EPP;RJ;RIO DAS OSTRAS;LIBERDADE;-22,52;-41,94;187211,4387
23768895000104;REDE TALON SUPERMERCADOS EIRELI.;RJ;RIO DAS OSTRAS;NOVA ESPERANCA;-22,52;-41,94;187211,4387
5565335000170;SALVADOR DOIS IRMAOS MERCEARIA LTDA;RJ;RIO DAS OSTRAS;JARDIM MARILEA;-22,52;-41,94;187211,4387
3572400000240;VITORIA REGIA ALIMENTOS LTDA;RJ;RIO DAS OSTRAS;VILLAGE RIO DAS OSTRAS;-22,52;-41,94;187211,4387
3572400000321;VITORIA REGIA ALIMENTOS LTDA;RJ;RIO DAS OSTRAS;PARQUE ZABULAO;-22,52;-41,94;187211,4387
3572400000160;VITORIA REGIA ALIMENTOS LTDA.-;RJ;RIO DAS OSTRAS;CIDADE BEIRA MAR;-22,52;-41,94;187211,4387
28044530000150;974 DA LOBO MERCADO EIRELI - ME;RJ;RIO DE JANEIRO;PENHA CIRCULAR;-22,9;-43,2;5551538
21916948000161;ACOUGUE E MERCEARIA IRMAOS ALARCON LTDA;RJ;RIO DE JANEIRO;RICARDO DE ALBUQUERQUE;-22,9;-43,2;5551538
26908846000118;BARONESA PESCADOS LTDA;RJ;RIO DE JANEIRO;PRACA SECA;-22,9;-43,2;5551538
27764313000172;BAZAR TEM TUDO DO ITARARE EIRELI;RJ;RIO DE JANEIRO;RAMOS;-22,9;-43,2;5551538
20994900000109;BIG REI COMERCIO DE CARNES E DERIVADOS LTDA - EPP;RJ;RIO DE JANEIRO;SANTA CRUZ;-22,9;-43,2;5551538
42294744000106;CASA DE AVES NOVA BRASILIA LTDA - EPP;RJ;RIO DE JANEIRO;BONSUCESSO;-22,9;-43,2;5551538
15116388000168;DIST COLOSSAL COM IMP E EXP ALIM LTDA;RJ;RIO DE JANEIRO;BARRA DA TIJUCA;-22,9;-43,2;5551538
15285120000150;FRUTALHA DA TAQUARA COMERCIO DE FRUTAS LEGUMES LTDA.;RJ;RIO DE JANEIRO;TAQUARA;-22,9;-43,2;5551538
15315283000138;HORTI FRUTI ZONA OESTE LTDA ME;RJ;RIO DE JANEIRO;CAMPO GRANDE;-22,9;-43,2;5551538
21360690000160;HORTIFRUTI CENTRAL DE SANTA CRUZ EIRELI;RJ;RIO DE JANEIRO;SANTA CRUZ;-22,9;-43,2;5551538
6267972000204;KARAPITO DA BEIRA COMERCIO DE ALIMENTOS LTDA;RJ;RIO DE JANEIRO;IRAJA;-22,9;-43,2;5551538
29080946000197;MERCADO ADONAI DE INHOAIBA LTDA;RJ;RIO DE JANEIRO;INHOAIBA;-22,9;-43,2;5551538
29080813000110;MERCADO ADONAI DO ENCANAMENTO LTDA;RJ;RIO DE JANEIRO;COSMOS;-22,9;-43,2;5551538
20216760000148;MERCADO BOM PRECO DO SAO VITOR LTDA ME;RJ;RIO DE JANEIRO;SANTISSIMO;-22,9;-43,2;5551538
20811236000115;MERCADO MEGA MARKET DO RIO EIRELI - EPP;RJ;RIO DE JANEIRO;COSMOS;-22,9;-43,2;5551538
19184291000143;MERCADO RENASCER DA CARVALHO RAMOS LTDA;RJ;RIO DE JANEIRO;INHOAIBA/ CAMPO GRANDE;-22,9;-43,2;5551538
16417036000105;MERCEARIA BOAS COMPRAS DA CDD EIRELI ME;RJ;RIO DE JANEIRO;CIDADE DE DEUS;-22,9;-43,2;5551538
27010495000196;MERCEARIA SERNOR DE ANCHIETA LTDA;RJ;RIO DE JANEIRO;ANCHIETA;-22,9;-43,2;5551538
5146190000173;MINI MERCADO UBAPORANGA DE SAO CRISTOVAO LTDA ME;RJ;RIO DE JANEIRO;SAO CRISTOVAO;-22,9;-43,2;5551538
1015564000160;NISSI COMERCIO E REPRESENTACOES LTDA - ME;RJ;RIO DE JANEIRO;PENHA CIRCULAR;-22,9;-43,2;5551538
7384953000140;PORTAL DO EDEN COMERCIAL ALIM LTDA;RJ;RIO DE JANEIRO;IRAJA;-22,9;-43,2;5551538
10572977000137;POSTO DAS PIZZAS EIRELI - ME;RJ;RIO DE JANEIRO;BONSUCESSO;-22,9;-43,2;5551538
3647632000130;PRIME SUPERMERCADO EIRELI - ME;RJ;RIO DE JANEIRO;CAMPO GRANDE;-22,9;-43,2;5551538
27833615000155;PRINCESA AUTO SERVICO DE COMESTIVEIS LTDA;RJ;RIO DE JANEIRO;PENHA CIRCULAR;-22,9;-43,2;5551538
22872424000189;R.M. CORREA HORTIFRUTTI ANIL EIRELI - EPP;RJ;RIO DE JANEIRO;ANIL;-22,9;-43,2;5551538
13107698000190;RECREIO RIO DISTRIBUIDORA DE ALIMENTOS LTDA;RJ;RIO DE JANEIRO;IRAJA;-22,9;-43,2;5551538
12426762000133;REI DO FEIJAO LTDA ME;RJ;RIO DE JANEIRO;GUARATIBA;-22,9;-43,2;5551538
42379339000190;RESTAURANTE RANCHO VERDE LTDA;RJ;RIO DE JANEIRO;FREGUESIA;-22,9;-43,2;5551538
5273676000415;RJ -REDE QUALLY DE HORTIFRUT LTDA;RJ;RIO DE JANEIRO;TIJUCA;-22,9;-43,2;5551538
23740305000135;SUPERMERCADO DAMITEX LTDA;RJ;RIO DE JANEIRO;TURIACU;-22,9;-43,2;5551538
21229586000130;VERO RIO COMERCIO ATACADISTA DE GENEROS ALIMENTICIOS EIRELI;RJ;RIO DE JANEIRO;PENHA CIRCULAR;-22,9;-43,2;5551538
21431906000130;THURLER E COSTA - COMERCIO DE GENEROS ALIMENTICIOS LTDA - ME;RJ;SANTA MARIA MADALENA;PARQUE ITAPORANGA;-21,95;-42;71746,18489
1023162000108;MERCEARIA CIDADE DAS AGUAS LTDA - ME;RJ;SANTO ANTONIO DE PADUA;CENTRO;-21,53;-42,18;236754,93
31503576000286;B PEREIRA SILVA E SANTOS - COM DE PROD ALIM LTDA;RJ;SAO FIDELIS;VILA COROADOS;-21,64;-41,74;245367,5818
31503576000103;B PEREIRA SILVA E SANTOS COM DE PROD ALIM LTDA;RJ;SAO FIDELIS;CENTRO;-21,64;-41,74;245367,5818
7028165000110;CORTES E RAMOS MERCADINHO LTDA. - ME;RJ;SAO FIDELIS;ANGELIM;-21,64;-41,74;245367,5818
4904985000211;F C ALVARENGA PRODUTOS ALIMENTICIOS LTDA;RJ;SAO FIDELIS;JONAS ALMEIDA SILVA;-21,64;-41,74;245367,5818
4904985000130;F C DE ALVARENGA PRODUTOS ALIMENTICIOS LTDA-ME;RJ;SAO FIDELIS;BARAO DE MACAUBAS;-21,64;-41,74;245367,5818
32336794001399;SUPERMERCADO FLUMINENSE DE ITAPERUNA LTDA;RJ;SAO FIDELIS;SAO VICENTE DE PAULO;-21,64;-41,74;245367,5818
12949057000110;MIRIAM PAES DOS SANTOS-ME;RJ;SAO FRANCISCO DE ITABAPOANA;CENTRO;-21,3;-40,96;249111,5057
7309839000155;ROBSON PINTO MARTINS;RJ;SAO FRANCISCO DE ITABAPOANA;CENTRO;-21,3;-40,96;249111,5057
21585994000125;AR MINIMERCADO DAS CARNES - EIRELI;RJ;SAO GONCALO;AMENDOEIRA;-22,82;-43,05;833379
11699310000162;BOM DEPOSITO MERCADO LTDA - EPP;RJ;SAO GONCALO;ARSENAL;-22,82;-43,05;833379
22469760000185;CELEIRO COMERCIO ATACADISTA E VAREJISTA LTDA.;RJ;SAO GONCALO;TRIBOBO;-22,82;-43,05;833379
10438370000169;COMPRE MAIS AUTO SERVICO LTDA;RJ;SAO GONCALO;LARANJAL;-22,82;-43,05;833379
10438370000320;COMPRE MAIS AUTO SERVICO LTDA;RJ;SAO GONCALO;MIRIAMBI - RAUL VEIGA;-22,82;-43,05;833379
10438370000754;COMPRE MAIS AUTO SERVICO LTDA;RJ;SAO GONCALO;SANTA LUZIA;-22,82;-43,05;833379
10438370001211;COMPRE MAIS AUTO SERVICO LTDA;RJ;SAO GONCALO;VISTA ALEGRE;-22,82;-43,05;833379
10438370000916;COMPRE MAIS AUTO SERVICO LTDA;RJ;SAO GONCALO;VISTA ALEGRE;-22,82;-43,05;833379
7532975000100;D' IGOR MERCEARIA LTDA ME;RJ;SAO GONCALO;JARDIM CATARINA;-22,82;-43,05;833379
8882705000191;EMERG S GONCALO COM DIST GEN ALIM LTDA;RJ;SAO GONCALO;COLUBANDE;-22,82;-43,05;833379
23858485000154;EP MIX SUPERMERCADO EIRELI;RJ;SAO GONCALO;ENGENHO PEQUENO;-22,82;-43,05;833379
5943227000194;FENIX 1426 COMERCIO DE ALIMENTOS LTDA EPP;RJ;SAO GONCALO;SANTA ISABEL;-22,82;-43,05;833379
10578244000290;GP INDUSTRIA  SERVICOS E COMERCIO DE ALIMENTOS LTDA;RJ;SAO GONCALO;ALCANTARA;-22,82;-43,05;833379
10578244000533;GP INDUSTRIA  SERVICOS E COMERCIO DE ALIMENTOS LTDA;RJ;SAO GONCALO;ALCANTARA;-22,82;-43,05;833379
10578244000371;GP INDUSTRIA  SERVICOS E COMERCIO DE ALIMENTOS LTDA;RJ;SAO GONCALO;BARRO VERMELHO;-22,82;-43,05;833379
10578244000100;GP INDUSTRIA  SERVICOS E COMERCIO DE ALIMENTOS LTDA.;RJ;SAO GONCALO;ALCANTARA;-22,82;-43,05;833379
28070379000125;GRM - MINIMERCADO DAS CARNES - EIRELI;RJ;SAO GONCALO;AMENDOEIRA;-22,82;-43,05;833379
25278609000158;HORTIFRUTI NOVA SAFRA DE SAO GONCALO EIRELI - ME;RJ;SAO GONCALO;CENTRO;-22,82;-43,05;833379
17712968000143;ITAUNA COMERCIO DE CARNES LTDA;RJ;SAO GONCALO;PARAISO;-22,82;-43,05;833379
22548712000182;JR DE SOUZA SOUTO MINIMERCADO - ME;RJ;SAO GONCALO;SAO MIGUEL;-22,82;-43,05;833379
26421190000104;LMP ATACAREJO - EIRELI.;RJ;SAO GONCALO;RIO DO OURO;-22,82;-43,05;833379
15246756000192;LOBO CEREALISTA LTDA - EPP;RJ;SAO GONCALO;COLUBANDE;-22,82;-43,05;833379
13126932000127;MANAUS 1183 MERCEARIA LTDA;RJ;SAO GONCALO;COLUBANDE;-22,82;-43,05;833379
25115579000169;MCS DISTRIBUIDORA DE PRODUTOS ALIMENTICIOS EIRELI - ME;RJ;SAO GONCALO;COLUBANDE;-22,82;-43,05;833379
7956785000110;MENDES DE ITAUNA COMERCIO DE ALIMENTOS LTDA;RJ;SAO GONCALO;ITAUNA;-22,82;-43,05;833379
27603931000130;MERCADO DE TRAILERS DO PORTO DO ROSA LTDA - ME;RJ;SAO GONCALO;BOACU;-22,82;-43,05;833379
11876791000134;MERCADO JK MACHADO LTDA;RJ;SAO GONCALO;JARDIM CATARINA;-22,82;-43,05;833379
17875310000152;MERCADO NOROESTE EIRELI.;RJ;SAO GONCALO;BOACU;-22,82;-43,05;833379
15541880000180;MERCEARIA 5 ESTRELAS LTDA - EPP;RJ;SAO GONCALO;JARDIM CATARINA;-22,82;-43,05;833379
22546657000191;MERCEARIA 6 ESTRELAS LTDA.;RJ;SAO GONCALO;JARDIM CATARINA;-22,82;-43,05;833379
175479000105;MERCEARIA ECONOMICA W J LTDA;RJ;SAO GONCALO;JARDIM CATARINA;-22,82;-43,05;833379
13720747000166;MINI MERCADO SOFIA E JULIA LTDA.;RJ;SAO GONCALO;VILA CANDOZA;-22,82;-43,05;833379
3306353000102;MT TAVARES COMERCIO VAREJISTA DE ALIMENTOS LTDA;RJ;SAO GONCALO;SETE PONTES;-22,82;-43,05;833379
11447841000168;OK GENEROS ALIMENTICIOS LTDA.;RJ;SAO GONCALO;CAMARAO;-22,82;-43,05;833379
11801408000189;PASSARELA FOOD LTDA ME;RJ;SAO GONCALO;COLUBANDE;-22,82;-43,05;833379
17465134000180;PLUS CARNES ALIMENTOS LTDA;RJ;SAO GONCALO;PARAISO;-22,82;-43,05;833379
73915597000178;PUBLIX GENEROS ALIMENTICIOS LTDA.;RJ;SAO GONCALO;PARAISO;-22,82;-43,05;833379
73915597000259;PUBLIX GENEROS ALIMENTICIOS.;RJ;SAO GONCALO;TRINDADE;-22,82;-43,05;833379
8962090000103;R C COMERCIO DE LATICINIOS E FRIOS PARA TRAILERS LTDA - ME;RJ;SAO GONCALO;SACRAMENTO;-22,82;-43,05;833379
13967018000109;RANGEL COMERCIO ATACADISTA DE GENEROS ALIMENTICIOS LTDA.;RJ;SAO GONCALO;MUTONDO;-22,82;-43,05;833379
21071655000120;RC ALMEIDA COMERCIO DE ALIMENTOS - EIRELI;RJ;SAO GONCALO;LAGOINHA;-22,82;-43,05;833379
27883929000162;S M CARVALHO MINI MERCADO BOM GOSTO EIRELI - ME;RJ;SAO GONCALO;ARSENAL;-22,82;-43,05;833379
24341188000108;SOBERANA DISTRIBUIDORA DE PRODUTOS ALIMENTICIOS LTDA.;RJ;SAO GONCALO;MUTONDO;-22,82;-43,05;833379
16559614000148;SOBERANO INDUSTRIA E COMERCIO DE ALIMENTOS LTDA;RJ;SAO GONCALO;GRADIM;-22,82;-43,05;833379
16559614000229;SOBERANO INDUSTRIA E COMERCIO DE ALIMENTOS LTDA;RJ;SAO GONCALO;MUTUA;-22,82;-43,05;833379
16559614000571;SOBERANO INDUSTRIA E COMERCIO DE ALIMENTOS LTDA-;RJ;SAO GONCALO;BARRO VERMELHO;-22,82;-43,05;833379
16559614000490;SOBERANO INDUSTRIA E COMERCIO DE ALIMENTOS LTDA.;RJ;SAO GONCALO;ALCANTARA;-22,82;-43,05;833379
22536813000133;SUPERMERCADO ECONOMICO JJ - EIRELI;RJ;SAO GONCALO;JARDIM CATARINA;-22,82;-43,05;833379
12024521000168;SUPERMERCADO MASTER 2010 LTDA;RJ;SAO GONCALO;SANTA LUZIA;-22,82;-43,05;833379
13673828000152;SUPERMERCADO MASTER 2011 LTDA;RJ;SAO GONCALO;MUTUA;-22,82;-43,05;833379
28581627000100;SUPERMERCADO PEPAO LTDA.;RJ;SAO GONCALO;COLUBANDE;-22,82;-43,05;833379
10914837000108;SUPERMERCADO PIO BORGES LTDA.;RJ;SAO GONCALO;PITA;-22,82;-43,05;833379
11161299000182;UNIDOS 1972 PRODUTOS ALIMENTICIOS LTDA;RJ;SAO GONCALO;BOACU;-22,82;-43,05;833379
18672533000185;UNIDOS DE ITAUNA PRODUTOS ALIMENTICIOS LTDA;RJ;SAO GONCALO;ITAUNA;-22,82;-43,05;833379
15655279000119;UNIDOS GB PRODUTOS ALIMENTICIOS LTDA;RJ;SAO GONCALO;GALO BRANCO;-22,82;-43,05;833379
22918167000683;UNIDOS SUPERMERCADOS LTDA;RJ;SAO GONCALO;BOACU;-22,82;-43,05;833379
22918167000250;UNIDOS SUPERMERCADOS LTDA ;RJ;SAO GONCALO;ITAUNA;-22,82;-43,05;833379
22918167000411;UNIDOS SUPERMERCADOS LTDA.;RJ;SAO GONCALO;GALO BRANCO;-22,82;-43,05;833379
22918167000500;UNIDOS SUPERMERCADOS LTDA.-;RJ;SAO GONCALO;BOA VISTA;-22,82;-43,05;833379
22918167000330;UNIDOS SUPERMERCADOS LTDA..;RJ;SAO GONCALO;ITAUNA;-22,82;-43,05;833379
22918167000179;"UNIDOS SUPERMERCADOS LTDA;";RJ;SAO GONCALO;ITAUNA;-22,82;-43,05;833379
17290317000102;VANCRIS COMERCIO ATACADISTA LTDA - ME.;RJ;SAO GONCALO;TRIBOBO;-22,82;-43,05;833379
3494756000122;VIEIRA E CUNHA LTDA ME.;RJ;SAO GONCALO;CENTRO;-22,82;-43,05;833379
2833741000189;ZUIL DE NITEROI COMERCIO E DISTRIBUIDORA LTDA - ME;RJ;SAO GONCALO;COLUBANDE;-22,82;-43,05;833379
11086038000145;J DOS CHAGAS SILVA CEREAIS;RJ;SAO JOAO DA BARRA;PARQUE DAS FIGUEIRAS;-21,64;-41,05;174061,7364
4056522000166;JADERSON DE OLIVEIRA GONCALVES - ME;RJ;SAO JOAO DA BARRA;ATAFONA;-21,64;-41,05;174061,7364
7904735000199;JC DE SOUZA FRANCA;RJ;SAO JOAO DA BARRA;GRUSSAI;-21,64;-41,05;174061,7364
2674629000142;MARIA JOSE PEREIRA RIBEIRO TRINDADE - ME;RJ;SAO JOAO DA BARRA;CENTRO;-21,64;-41,05;174061,7364
15514541000105;MERCADO RELUZ LTDA ME - ME;RJ;SAO JOAO DA BARRA;GRUSSAI;-21,64;-41,05;174061,7364
39703863000403;NELIO R VIANA FILHO.;RJ;SAO JOAO DA BARRA;BARCELOS;-21,64;-41,05;174061,7364
17814749000175;SUPER MASTER LANCHONETE E MERCEARIA EIRELI - ME;RJ;SAO JOAO DA BARRA;CENTRO;-21,64;-41,05;174061,7364
5956059000171;ACOUGUE FIEL DO BOTANICO EIRELI;RJ;SAO JOAO DE MERITI;JARDIM BOTANICO;-22,8;-43,37;434323
27256168000119;ACOUGUE MERCEARIA E ROTISSERIA SAO MIGUEL DO VILAR LTDA;RJ;SAO JOAO DE MERITI;VILAR DOS TELES;-22,8;-43,37;434323
27471387000110;ACOUGUE VITORIA PRIME PRODUTOS ALIMENTICIOS LTDA;RJ;SAO JOAO DE MERITI;CENTRO;-22,8;-43,37;434323
28504271000101;KENIA G.M. DA SILVA - ACOUGUE - ME;RJ;SAO JOAO DE MERITI;AGOSTINHO PORTO;-22,8;-43,37;434323
1254351000272;R C COMERCIO VAREJISTA DE HORTIFRUTIGRANJEIROS LTDA - EPP;RJ;SAO JOAO DE MERITI;CENTRO;-22,8;-43,37;434323
27365336000104;R&M CAMPOS ALIMENTOS LTDA - ME;RJ;SAO JOAO DE MERITI;VILAR DOS TELES;-22,8;-43,37;434323
6890258000359;RCA IMPERIAL COMERCIO DE FRUTAS E LEGUMES LTDA - ME;RJ;SAO JOAO DE MERITI;CENTRO;-22,8;-43,37;434323
5164703000500;BAZAR ECCARD DE SOUZA LTDA;RJ;SAO JOSE DE UBA;CENTRO;-21,35;-41,94;35857,95206
26141670000111;FAVO DE MEL DE SAO JOSE LTDA;RJ;SAO JOSE DO VALE DO RIO PRETO;SANTA FE;-22,15;-42,92;100810,4222
39191176000103;CASA DE QUEIJOS BALNEARIO S PEDRO ALDEIA LTDA ME;RJ;SAO PEDRO DA ALDEIA;BALNEARIO;-22,83;-42,1;351751,6187
12769662000290;DISTRIBUIDORA E COM DE FRIOS CABO FRIO TROPICAL LTDA;RJ;SAO PEDRO DA ALDEIA;SAO JOAO;-22,83;-42,1;351751,6187
27909336000128;KE FRUTAS ALIMENTOS SUPERMERCADOS LTDA - ME;RJ;SAO PEDRO DA ALDEIA;CENTRO;-22,83;-42,1;351751,6187
5490561000130;M A J COMERCIO DE GENEROS ALIMENTICIOS LTDA;RJ;SAO PEDRO DA ALDEIA;CENTRO;-22,83;-42,1;351751,6187
13537908000180;MERCADO E PADARIA L M LOUZADA LTDA.;RJ;SAO PEDRO DA ALDEIA;PORTO DO CARRO;-22,83;-42,1;351751,6187
4055101000110;NVS ALIMENTOS LTDA;RJ;SAO PEDRO DA ALDEIA;CENTRO;-22,83;-42,1;351751,6187
21355757000178;P N L ALIMENTOS LTDA.;RJ;SAO PEDRO DA ALDEIA;PORTO DA ALDEIA;-22,83;-42,1;351751,6187
3675450000172;PROMESSAS MERCEARIA E ACOUGUE LTDA ME;RJ;SAO PEDRO DA ALDEIA;BALNEARIO;-22,83;-42,1;351751,6187
10258474000272;SUPERMERCADO IDEAL DE SAO PEDRO LTDA ME;RJ;SAO PEDRO DA ALDEIA;CAMPO REDONDO;-22,83;-42,1;351751,6187
39508023000228;TERE FRUTAS COMERCIO DE ALIMENTOS E PANIFICACAO LTDA;RJ;SAO PEDRO DA ALDEIA;CENTRO;-22,83;-42,1;351751,6187
24793400000240;VAREJO TOTAL COMERCIO DE GENEROS ALIMENTICIOS LTDA;RJ;SAO PEDRO DA ALDEIA;CENTRO;-22,83;-42,1;351751,6187
6978188000123;VENTOS ALISIOS ALIMENTOS LTDA;RJ;SAO PEDRO DA ALDEIA;ESTACAO;-22,83;-42,1;351751,6187
15834741000145;VERDE FACIL COMERCIO DE ALIMENTOS LTDA;RJ;SAO PEDRO DA ALDEIA;CENTRO;-22,83;-42,1;351751,6187
21408990000171;CJP DAMAZIO HIPERMERCADO ME;RJ;SAPUCAIA;JAMAPARA;-21,99;-42,91;108091,2626
17339293000139;ATRIOS ALIMENTOS LTDA EPP;RJ;SAQUAREMA;BONSUCESSO;-22,92;-42,51;303904,3041
13115975000107;C & R SUPERMERCADO SAMPAIO CORREA LTDA - ME;RJ;SAQUAREMA;SAMPAIO CORREA;-22,92;-42,51;303904,3041
7258484000112;COMERCIO DE CEREAIS IZANITA LIMITADA.;RJ;SAQUAREMA;BACAXA;-22,92;-42,51;303904,3041
8912225000126;DOIS B HZM COMERCIO DE ALIMENTOS LTDA ME;RJ;SAQUAREMA;PORTO DA ROCA;-22,92;-42,51;303904,3041
6953093000155;M L M COMERCIO DE GENEROS ALIMENTICIOS LTDA;RJ;SAQUAREMA;BACAXA;-22,92;-42,51;303904,3041
27854094000112;MERCADO PRAIANO LTDA - ME;RJ;SAQUAREMA;BASILEA (SAMPAIO CORREIA);-22,92;-42,51;303904,3041
21127646000104;MERCADO SAO LUCAS DE PORTO DA ROCA EIRELI;RJ;SAQUAREMA;PORTO DA ROCA;-22,92;-42,51;303904,3041
17516042000182;MINI MERCADO BOA SORTE DE JACONE LTDA-ME;RJ;SAQUAREMA;JACONE;-22,92;-42,51;303904,3041
27833615002956;PRINCESA AUTO SERVICO DE COMESTIVEIS LTDA--;RJ;SAQUAREMA;BACAXA;-22,92;-42,51;303904,3041
8666702000110;SAKA COMERCIO DE ALIMENTOS E SUPERMERCADOS LTDA;RJ;SAQUAREMA;BACAXA;-22,92;-42,51;303904,3041
15471879000127;SUPERMERCADO BATISTA 2012 LTDA.;RJ;SAQUAREMA;CENTRO;-22,92;-42,51;303904,3041
24261973000142;SUPERMERCADO JACONE EIRELI;RJ;SAQUAREMA;JACONE;-22,92;-42,51;303904,3041
25079466000155;SUPERMERCADO QUALI PRECO DA MADRESSILVA EIRELI;RJ;SAQUAREMA;BACAXA;-22,92;-42,51;303904,3041
9653290000147;SUPERMERCADO SAO JUDAS TADEU LTDA;RJ;SAQUAREMA;BACAXA;-22,92;-42,51;303904,3041
18749311000113;V E J MINIMERCADO PORTO DA ROCA LTDA ME;RJ;SAQUAREMA;BACAXA;-22,92;-42,51;303904,3041
7221537000120;LOGISTICA COMERCIAL OITO IRMAOS LTDA;RJ;SILVA JARDIM;IMBAU;-22,65;-42,39;127075,6105
2068929000188;O MIRANDA MENDONCA AUTO SERVICO LTDA;RJ;SILVA JARDIM;CENTRO;-22,65;-42,39;127075,6105
27957499000186;SUPER ALIANCA MINIMERCADO LTDA - EPP;RJ;SILVA JARDIM;CAJU;-22,65;-42,39;127075,6105
11391329000147;AMIGOS DE TANGUA MINIMERCADO LTDA;RJ;TANGUA;CENTRO;-22,73;-42,71;148547,8871
29549995000126;COMERCIAL PREFERIDO LTDA;RJ;TANGUA;CENTRO;-22,73;-42,71;148547,8871
15322994000130;I B DA SILVA COMERCIO DE ALIMENTOS EIRELI EPP;RJ;TANGUA;CENTRO;-22,73;-42,71;148547,8871
11093843000104;MERCADO E ACOUGUE SATELITE LTDA - ME;RJ;TANGUA;DUQUES;-22,73;-42,71;148547,8871
13390177000193;A A M T MERCADO PESSEGUEIROS LTDA ME.;RJ;TERESOPOLIS;PESSEGUEIROS;-22,41;-42,96;750892,8423
18623826000172;ACOUGUE  MERCEARIA E LATICINIOS MEUDON LTDA - ME.;RJ;TERESOPOLIS;MEUDON;-22,41;-42,96;750892,8423
15549411000108;CASA DO HAMBURGUER DE TERESOPOLIS LTDA ME;RJ;TERESOPOLIS;SAO PEDRO;-22,41;-42,96;750892,8423
11836085000169;CASA DO QUEIJO DA RETA LTDA - EPP;RJ;TERESOPOLIS;VARZEA;-22,41;-42,96;750892,8423
7539322000233;GREEN FRUIT NOVO MILENIO HORTIFRUTIGRANJEIROS LTDA;RJ;TERESOPOLIS;VARZEA;-22,41;-42,96;750892,8423
5131337000151;MERCADO BELEM DE TERESOPOLIS LTDA.;RJ;TERESOPOLIS;MEUDON;-22,41;-42,96;750892,8423
16554104000269;MERCADO GUTI LTDA - ME;RJ;TERESOPOLIS;BONSUCESSO;-22,41;-42,96;750892,8423
16554104000188;MERCADO GUTI LTDA ME.;RJ;TERESOPOLIS;SAO PEDRO;-22,41;-42,96;750892,8423
36426237000186;MINI MERCADO BOM SUCESSO DE TERESOPOLIS LTDA;RJ;TERESOPOLIS;BONSUCESSO;-22,41;-42,96;750892,8423
14326580000116;NF-E EMITIDA EM AMBIENTE DE HOMOLOGACAO - SEM VALOR FISCAL;RJ;TERESOPOLIS;VARGEM GRANDE;-22,41;-42,96;750892,8423
7779025000184;P G H BRAGA MERCEARIA;RJ;TERESOPOLIS;BONSUCESSO;-22,41;-42,96;750892,8423
23387618000151;TERE FRUIT HORTIFRUTIGRANJEIROS LTDA ME;RJ;TERESOPOLIS;VARZEA;-22,41;-42,96;750892,8423
39508023000813;TERE FRUTAS COMERCIO DE ALIMENTOS E PANIFICACAO LTDA.;RJ;TERESOPOLIS;VARZEA;-22,41;-42,96;750892,8423
6323540000192;SUPERMERCADO TRAJANENSE LTDA - ME;RJ;TRAJANO DE MORAIS;CENTRO;-22,06;-42,06;64110,90039
36570216000130;SUPERMERCADO BETO CEREAIS DE VARRE - SAI LTDA;RJ;VARRE-SAI;CENTRO;-20,93;-41,86;51006,18806
5426493000220;POLICO COMERCIAL DE ALIMENTOS LTDA;SC;NAVEGANTES;MACHADOS;-26,89;-48,65;201671,5865
16669198000130;BS STASSI VENDAS ME;SP;ARACARIGUAMA;RONDA;-23,43;-47,06;66568,70082
4007859000183;WS DA SILVA PLASTICOS EIRELI;SP;BARUERI;CHACARA MARCO;-23,51;-46,87;1230786,854
8722117000190;BRAZILCOA COMERCIO E SERVICOS DE PRODUTOS ALIMENTICIOS LTDA;SP;INDAIATUBA;DIST IND AMERICAN PARK;-23,09;-47,21;773803,8404
13396399000113;EMPORIUM IMPORTADORA E DIST DE ALIMENTOS LTDA;SP;ITAPECERICA DA SERRA;VILA GENI;-23,71;-46,84;710062,4733
62379037000391;IND DE PRODS ALIMS MAVALERIO LTDA;SP;ITATIBA;DO PINHAL;-23;-46,83;458698,8455
17010487000196;GNC INOX;SP;SAO JOSE DO RIO PRETO;M I CENTENARIO DA EMANCIPACAO;-20,82;-49,37;2146704,24
12360891000176;COLOSSAL SAO PAULO COM IMP EXP ALIM LTDA;SP;SAO PAULO;IPIRANGA;-23,54;-46,63;9839436
17682396000105;FS CAVALARI DE SOUZA MAQUINAS AUT.;SP;SAO PAULO;VILA MARIANA;-23,54;-46,63;9839436
7612579000273;JTC DISTRIBUIDORA LTDA;SP;SAO PAULO;BRAS;-23,54;-46,63;9839436
5426493000140;POLICO COMERCIAL DE ALIMENTOS LTDA;SP;SAO PAULO;VILA BUTANTA;-23,54;-46,63;9839436
4445927000196;RMOURA COMERCIO DE CEREAIS LTDA;SP;SAO PAULO;BRAS;-23,54;-46,63;9839436
